Job Title,Company Name,Location,Job Time,Category,Salary,Post Date,Deadline,Job URL,Company Logo URL
Kredit mütəxəssisi,Kəpəz Bokt MMC,Bakı,Tam-ştat,Kredit mütəxəssisi,500 - 1000 AZN,18 aprel 2025,18 may 2025,https://www.hellojob.az/vakansiya/kredit-mutexessisi,https://www.hellojob.az/resized/companies/9qhQcFShUaUPbFBCK0PkIyn1WR0De71mBAWnVQqX-120--resize.webp
Mağaza satıcısı,AGROPET MMC,"Bakı, Xəzər rayonu, Mərdəkan qəs, Sergey Yesenin küç",Tam-ştat,Satış üzrə mütəxəssis,Razılaşma ilə,08 aprel 2025,08 may 2025,https://www.hellojob.az/vakansiya/magaza-saticisi-905042,https://www.hellojob.az/resized/120/-/resize/companies/334d514f9159b5297e53d529c4987af6/az/uploads/stores/2024/11/11/agropet-mmc-store-6731f0cfb80eb-2c9c3d7279bebc79dd48d4abe62d6798
Kuryer,Şeh Group MMC,"Bakı, Bakı Şəhəri Kənd Əhmədli",Tam-ştat,Digər,650 AZN,02 aprel 2025,02 may 2025,https://www.hellojob.az/vakansiya/kuryer,
Satış üzrə agent,Hissə Hissə Avto MMC,"Bakı, Arena Plaza, H.Əliyev prospekti 115",Frilans,Digər,Razılaşma ilə,01 aprel 2025,01 may 2025,https://www.hellojob.az/vakansiya/satis-uzre-agent-904974,https://www.hellojob.az/resized/companies/7d1d6deac2db65b7f9c753dc968206c7-120--resize.webp
SMM mütəxəssisi (xanım),Senser lingerire,"Bakı, ELMLER",Tam-ştat,SMM,500 - 700 AZN,28 mart 2025,28 aprel 2025,https://www.hellojob.az/vakansiya/sosial-media-marketinq-smm-mutexessisixanim,https://www.hellojob.az/resized/companies/09d6ddebb745fb0176a7c2001846a868-120--resize.webp
Online satış meneceri,Esshopbaku,"Bakı, Azadlig pr 19",Yarım-ştat,Satış üzrə mütəxəssis,Razılaşma ilə,19 aprel 2025,19 may 2025,https://www.hellojob.az/vakansiya/online-satis-meneceri-960501,
İngilis dili müəllimi,British Centre,"Bakı, Asif Məhərrəmov 33A",Tam-ştat,Xüsusi təhsil/ Təlim,350 - 1000 AZN,19 aprel 2025,19 may 2025,https://www.hellojob.az/vakansiya/ingilis-dili-muellimi-959418,https://www.hellojob.az/resized/companies/e0c8653e1a4fef128dd9ab1bc959c979-120--resize.webp
Satış mütəxəssisi,Qbit Technologies,"Bakı, BAKU, Caspian Plaza",Tam-ştat,Satış üzrə mütəxəssis,300 - 1000 AZN,19 aprel 2025,19 may 2025,https://www.hellojob.az/vakansiya/satis-mutexessisi-959636,
Satış məsləhətçisi,Lumiere Baku,"Bakı, Koroğlu Bravo Hipermarket Daxili, Heydər Əliyev pr 172",Yarım-ştat,Digər,300 - 400 AZN,19 aprel 2025,19 may 2025,https://www.hellojob.az/vakansiya/satis-meslehetcisi-957264,https://www.hellojob.az/resized/companies/WiFUFadGm6Bx9LWvUO7QYpl35MBOmeTuCMzT8Niq-120--resize.webp
Mühəndis,Asvent MMC,"Bakı, Nerimanov rayonu Cermet qəsəbəsi",Tam-ştat,Digər,Razılaşma ilə,19 aprel 2025,19 may 2025,https://www.hellojob.az/vakansiya/muhendis,
Ümumi İngilis dili müəllimi (Sumqayıt Ofisi),IELTS Academy,"Sumqayıt, Sumgait; Sumgait Business Center; 6/607",Tam-ştat,Xüsusi təhsil/ Təlim,Razılaşma ilə,18 aprel 2025,18 may 2025,https://www.hellojob.az/vakansiya/umumi-ingilis-dili-muellimi-sumqayit-ofisi,https://www.hellojob.az/resized/companies/92b05f653164afe3f55d8240e9abd912-120--resize.webp
Anbardar,Real Beauty,Bakı,Tam-ştat,Anbardar,Razılaşma ilə,18 aprel 2025,18 may 2025,https://www.hellojob.az/vakansiya/anbardar-931941,https://www.hellojob.az/resized/companies/495836a85f619f29820a8736f2c54bed-120--resize.webp
Satınalma meneceri,AMOGROUP,"Bakı, Xətai pr 34",Tam-ştat,Digər,Razılaşma ilə,18 aprel 2025,18 may 2025,https://www.hellojob.az/vakansiya/satinalma-meneceri-929996,
Satış Meneceri,Bebiko MMC,"Sumqayıt, Yaşıl Dərə,Hafiz Baxış küçəsi",Uzaqdan,Satış üzrə mütəxəssis,400 - 1000 AZN,18 aprel 2025,18 may 2025,https://www.hellojob.az/vakansiya/satis-meneceri-923733,
TikTok Canlı Yayım üzrə Satış Meneceri,VEN GROUP MMC,"Bakı, Rəşid Bağırov 33",Tam-ştat,Satış üzrə mütəxəssis,Razılaşma ilə,17 aprel 2025,17 may 2025,https://www.hellojob.az/vakansiya/tiktok-canli-yayim-uzre-satis-meneceri,
Əczaçı,"""AzəriMed"" QSC",Bakı,Tam-ştat,Tibb təmsilçisi,400 - 600 AZN,18 aprel 2025,18 may 2025,https://www.hellojob.az/vakansiya/eczaci-921583,https://www.hellojob.az/resized/companies/KkVZV0CBn26Yi4brfuBg9ixjm8kOa1jGwQSbLhJF-120--resize.webp
Regyon Üzrə Satış təmsilçisi,Borkan Group,"Bakı, ZİYA BÜNYADOV 69B",Tam-ştat,Satış üzrə mütəxəssis,1000 AZN,18 aprel 2025,18 may 2025,https://www.hellojob.az/vakansiya/regyon-uzre-satis-temsilcisi-921367,https://www.hellojob.az/resized/companies/e118db029f54fbc1687cc5a517a195de-120--resize.webp
Direktor assistenti,"""Uğur R Nəqqliyyat"" MMC",Xırdalan,Tam-ştat,Ofis menecmenti,800 - 1000 AZN,18 aprel 2025,18 may 2025,https://www.hellojob.az/vakansiya/direktor-assistenti-920721,
Müqavilələr və bank əməliyyatlarına hüquqi dəstək şöbəsi üzrə hüquqşünas,ABB,Bakı,Tam-ştat,Hüquq,Razılaşma ilə,18 aprel 2025,18 may 2025,https://www.hellojob.az/vakansiya/muqavileler-ve-bank-emeliyyatlarina-huquqi-destek-sobesi-uzre-huquqsunas-3792,https://www.hellojob.az/storage/companies/f5f3fde6d69bd4ae0e41a621906aced2.svg
Şəbəkə və əməliyyatların təhlükəsizliyi arxitekturası üzrə baş mütəxəssis,ABB,Bakı,Tam-ştat,Texnologiya,Razılaşma ilə,18 aprel 2025,18 may 2025,https://www.hellojob.az/vakansiya/sebeke-ve-emeliyyatlarin-tehlukesizliyi-arxitekturasi-uzre-bas-mutexessis-3791,https://www.hellojob.az/storage/companies/f5f3fde6d69bd4ae0e41a621906aced2.svg
Əməliyyat risklərinin idarə edilməsi şöbəsinin aparıcı mütəxəssisi/ baş mütəxəssisi,ABB,Bakı,Tam-ştat,Müxtəlif,Razılaşma ilə,18 aprel 2025,18 may 2025,https://www.hellojob.az/vakansiya/emeliyyat-risklerinin-idare-edilmesi-sobesinin-aparici-mutexessisi-bas-mutexessisi-3790,https://www.hellojob.az/storage/companies/f5f3fde6d69bd4ae0e41a621906aced2.svg
Rəqəmsal dələduzluq analitikası üzrə data analitik / aparıcı data analitik,ABB,Bakı,Tam-ştat,Texnologiya,Razılaşma ilə,18 aprel 2025,18 may 2025,https://www.hellojob.az/vakansiya/reqemsal-deleduzluq-analitikasi-uzre-data-analitik-aparici-data-analitik-3789,https://www.hellojob.az/storage/companies/f5f3fde6d69bd4ae0e41a621906aced2.svg
Rəqəmsal dələduzluq risk və insidentləri üzrə mütəxəssis / aparıcı /  baş mütəxəssis,ABB,Bakı,Tam-ştat,Müxtəlif,Razılaşma ilə,18 aprel 2025,18 may 2025,https://www.hellojob.az/vakansiya/reqemsal-deleduzluq-risk-ve-insidentleri-uzre-mutexessis-aparici-bas-mutexessis-3788,https://www.hellojob.az/storage/companies/f5f3fde6d69bd4ae0e41a621906aced2.svg
Məlumat xidməti üzrə kiçik mütəxəssis/Ağstafa filialı,Kapital Bank,"Ağstafa, Ağstafa rayon filialı, Аğstаfа şəhəri, Cəfər Cabbarlı küçəsi, 25A",Tam-ştat,Xidmət,Razılaşma ilə,18 aprel 2025,30 aprel 2025,https://www.hellojob.az/vakansiya/melumat-xidmeti-uzre-kicik-mutexessis-agstafa-filiali-4585,https://www.hellojob.az/storage/companies/0b19d066c7eb9fa635850615d2e16921.svg
Məlumat xidməti üzrə kiçik mütəxəssis/Göyçay filialı,Kapital Bank,"Göyçay, Göygöl rayon filialı, Göygöl şəhəri, H.Əliyеv küçəsi 45",Tam-ştat,Xidmət,Razılaşma ilə,18 aprel 2025,30 aprel 2025,https://www.hellojob.az/vakansiya/melumat-xidmeti-uzre-kicik-mutexessis-goycay-filiali-4584,https://www.hellojob.az/storage/companies/0b19d066c7eb9fa635850615d2e16921.svg
MHBS hesabatlıq şöbəsinin aparıcı mütəxəssisi/baş mütəxəssisi,ABB,,Tam-ştat,Xidmət,Razılaşma ilə,18 aprel 2025,18 may 2025,https://www.hellojob.az/vakansiya/mhbs-hesabatliq-sobesinin-aparici-mutexessisi-bas-mutexessisi-3787,https://www.hellojob.az/storage/companies/f5f3fde6d69bd4ae0e41a621906aced2.svg
QA Automation Engineer (Employee Experience Tribe),Kapital Bank,Bakı,Tam-ştat,Texnologiya,Razılaşma ilə,18 aprel 2025,18 may 2025,https://www.hellojob.az/vakansiya/qa-automation-engineer-employee-experience-tribe-4261,https://www.hellojob.az/storage/companies/0b19d066c7eb9fa635850615d2e16921.svg
Operator,GOLD MMC,"Bakı, Neftçilər m/st yaxınlığı",Tam-ştat,Ofis menecmenti,500 AZN,17 aprel 2025,17 may 2025,https://www.hellojob.az/vakansiya/operator-905155,
Hüquqşünas,Ferrum Capital QSC,"Bakı, BAKI ŞƏHƏRİ, XƏTAİ RAYONU, Xocalı prospekti",Tam-ştat,Hüquqşünas,500 - 1200 AZN,17 aprel 2025,17 may 2025,https://www.hellojob.az/vakansiya/huquqsunas,https://www.hellojob.az/resized/companies/f1caaad4868f8354b8572b70d87a4fd3-120--resize.webp
Risk həlləri sahəsi üzrə Back-end üzrə proqramçı,ABB,,Tam-ştat,Texnologiya,Razılaşma ilə,17 aprel 2025,17 may 2025,https://www.hellojob.az/vakansiya/risk-helleri-sahesi-uzre-back-end-uzre-proqramci-3622,https://www.hellojob.az/storage/companies/f5f3fde6d69bd4ae0e41a621906aced2.svg
Rəqəmsal marketinq şöbəsinin Baş dizayneri/ Aparıcı dizayneri,ABB,Bakı,Tam-ştat,Dizayn,Razılaşma ilə,17 aprel 2025,17 may 2025,https://www.hellojob.az/vakansiya/reqemsal-marketinq-sobesinin-bas-dizayneri-aparici-dizayneri-3615,https://www.hellojob.az/storage/companies/f5f3fde6d69bd4ae0e41a621906aced2.svg
Təhlükəsizliyə nəzarət mərkəzinin analitiki,ABB,,Tam-ştat,Texnologiya,Razılaşma ilə,17 aprel 2025,17 may 2025,https://www.hellojob.az/vakansiya/tehlukesizliye-nezaret-merkezinin-analitiki-3581,https://www.hellojob.az/storage/companies/f5f3fde6d69bd4ae0e41a621906aced2.svg
Rəqəmsal marketinq mütəxəssisi /aparıcı mütəxəssisi /baş mütəxəssisi (websayt kontentinin idarə edilməsi üzrə),ABB,,Tam-ştat,Marketinq,Razılaşma ilə,17 aprel 2025,17 may 2025,https://www.hellojob.az/vakansiya/reqemsal-marketinq-mutexessisi-aparici-mutexessisi-bas-mutexessisi-websayt-kontentinin-idare-edilmesi-uzre-3572,https://www.hellojob.az/storage/companies/f5f3fde6d69bd4ae0e41a621906aced2.svg
Yanğın mühafizə-siqnalizasiya sitemləri üzrə mütəxəssis/aparıcı mütəxəssis,ABB,Bakı,Tam-ştat,Xidmət,Razılaşma ilə,17 aprel 2025,17 may 2025,https://www.hellojob.az/vakansiya/yangin-muhafize-siqnalizasiya-sitemleri-uzre-mutexessis-aparici-mutexessis-3570,https://www.hellojob.az/storage/companies/f5f3fde6d69bd4ae0e41a621906aced2.svg
Kredit risklərinin idarə edilməsi şöbəsinin mütəxəssisi / aparıcı mütəxəssisi,ABB,Bakı,Tam-ştat,Kredit mütəxəssisi,Razılaşma ilə,17 aprel 2025,17 may 2025,https://www.hellojob.az/vakansiya/kredit-risklerinin-idare-edilmesi-sobesinin-mutexessisi-aparici-mutexessisi-3566,https://www.hellojob.az/storage/companies/f5f3fde6d69bd4ae0e41a621906aced2.svg
Rəqəmsal kiçik biznes sahəsinin müştəri təcrübələri üzrə mütəxəssis/aparıcı/baş mütəxəssis (RM),ABB,Bakı,Tam-ştat,Texnologiya,Razılaşma ilə,17 aprel 2025,17 may 2025,https://www.hellojob.az/vakansiya/reqemsal-kicik-biznes-sahesinin-musteri-tecrubeleri-uzre-mutexessis-aparici-bas-mutexessis-rm-3414,https://www.hellojob.az/storage/companies/f5f3fde6d69bd4ae0e41a621906aced2.svg
Rəqəmsal kiçik biznes sahəsinin müştəri təcrübələri üzrə mütəxəssis/aparıcı/baş mütəxəssis,ABB,,Tam-ştat,Xidmət,Razılaşma ilə,17 aprel 2025,17 may 2025,https://www.hellojob.az/vakansiya/reqemsal-kicik-biznes-sahesinin-musteri-tecrubeleri-uzre-mutexessis-aparici-bas-mutexessis-3542,https://www.hellojob.az/storage/companies/f5f3fde6d69bd4ae0e41a621906aced2.svg
Sistem təhlükəsizlik arxitekturası üzrə aparıcı mütəxəssis / baş mütəxəssis,ABB,,Tam-ştat,Texnologiya,Razılaşma ilə,17 aprel 2025,17 may 2025,https://www.hellojob.az/vakansiya/sistem-tehlukesizlik-arxitekturasi-uzre-aparici-mutexessis-bas-mutexessis-3457,https://www.hellojob.az/storage/companies/f5f3fde6d69bd4ae0e41a621906aced2.svg
Rəqəmsal kanallar sahəsinin IOS üzrə proqramçısı / aparıcı proqramçısı / baş proqramıçısı,ABB,Bakı,Tam-ştat,Texnologiya,Razılaşma ilə,17 aprel 2025,17 may 2025,https://www.hellojob.az/vakansiya/reqemsal-kanallar-sahesinin-ios-uzre-proqramcisi-aparici-proqramcisi-bas-proqramicisi-3719,https://www.hellojob.az/storage/companies/f5f3fde6d69bd4ae0e41a621906aced2.svg
Data Transformation Analyst (Data Steward),Kapital Bank,Bakı,Tam-ştat,Texnologiya,Razılaşma ilə,17 aprel 2025,30 aprel 2025,https://www.hellojob.az/vakansiya/data-transformation-analyst-data-steward-4441,https://www.hellojob.az/storage/companies/0b19d066c7eb9fa635850615d2e16921.svg
Maliyyə mütəxəssisi,Dinamik Ocean,"Bakı, Azadlıq m/s çıxışı",Tam-ştat,Maliyyə analiz,600 AZN,17 aprel 2025,17 may 2025,https://www.hellojob.az/vakansiya/maliyye-mutexessisi-905153,
Promouter Xanım namizədlər (tütün isitmə sistemi),Around Business Group,"Bakı, Nəriman Nərimanov",Tam-ştat,Satış üzrə mütəxəssis,540 - 900 AZN,17 aprel 2025,17 may 2025,https://www.hellojob.az/vakansiya/promouter-xanim-namizedler-tutun-isitme-sistemi,
Call-Center Operator,Rachmat Agro,"Bakı, Yasamal",Uzaqdan,Satış üzrə mütəxəssis,600 - 800 AZN,17 aprel 2025,17 may 2025,https://www.hellojob.az/vakansiya/call-center-operator-905151,
İnzibatçı,"""AGNA""MMC","Bakı, Bakı şəh., Mərkəz",Tam-ştat,Katibə / Resepşn,600 - 800 AZN,17 aprel 2025,17 may 2025,https://www.hellojob.az/vakansiya/inzibatci-905150,
Sosial Media Marketinq (SMM) mütəxəssisi,Paradise Music,"Bakı, MƏZAHİR RÜSTƏMOV 191E(ƏHMƏDLİ metrosundan 10 dəqiqə)",Tam-ştat,SMM,500 - 1000 AZN,17 aprel 2025,17 may 2025,https://www.hellojob.az/vakansiya/sosial-media-marketinq-smm-mutexessisi-905149,https://www.hellojob.az/resized/companies/bc63f17b004c9efb27cc7f9b69bf742c-120--resize.webp
Project Manager,King Entertainment Corp,Bakı,Uzaqdan,Digər,Razılaşma ilə,17 aprel 2025,17 may 2025,https://www.hellojob.az/vakansiya/project-manager-905146,
Lux Life Group,Lux Life Group,"Bakı, Yeni Yasamal,Icra hakimiyyətinin yanı",Yarım-ştat,Digər,500 - 2000 AZN,01 aprel 2025,01 may 2025,https://www.hellojob.az/vakansiya/lux-life-group,
Senior qrafik dizayner,Adroit agency,Bakı,Tam-ştat,Qrafik dizayn,1200 - 1500 AZN,16 aprel 2025,16 may 2025,https://www.hellojob.az/vakansiya/senior-qrafik-dizayner-905145,https://www.hellojob.az/resized/companies/3ce2d9bd93580c7a386d062f135defa9-120--resize.webp
Sosial Media Marketinq (SMM) mütəxəssisi,Dost İnşaat MMC,"Bakı, Çinar Park Biznes Mərkəzi",Tam-ştat,Satış üzrə mütəxəssis,800 - 1000 AZN,08 aprel 2025,08 may 2025,https://www.hellojob.az/vakansiya/sosial-media-marketinq-smm-mutexessisi-905040,https://www.hellojob.az/resized/companies/f90a62f2938023f2f1ef563a49bfb9e9-120--resize.webp
Ofis meneceri,TAMASHAEE FOODS MMC,"Bakı, Binəqədi rayonu Xocahəsən qəsəbəsi Yeni Yol 202",Tam-ştat,Ofis menecmenti,800 - 1000 AZN,16 aprel 2025,16 may 2025,https://www.hellojob.az/vakansiya/ofis-meneceri-905144,https://www.hellojob.az/resized/companies/9b43635192d65d7b6d0b1ca952653724-120--resize.webp
İnsan Resursları üzrə mütəxəssis,TAMASHAEE FOODS MMC,"Bakı, Binəqədi rayonu Xocahəsən qəsəbəsi Yeni Yol 202",Tam-ştat,İnsan resursları,700 - 1000 AZN,16 aprel 2025,16 may 2025,https://www.hellojob.az/vakansiya/insan-resurslari-uzre-mutexessis-905143,https://www.hellojob.az/resized/companies/9b43635192d65d7b6d0b1ca952653724-120--resize.webp
Kateqoriya meneceri,Beauty House MMC,"Bakı, Ayna sultanova",Tam-ştat,Menecer,900 - 1800 AZN,16 aprel 2025,16 may 2025,https://www.hellojob.az/vakansiya/kateqoriya-meneceri-905142,https://www.hellojob.az/resized/companies/3ce1fbbceab4abd6bea8f57de0bad10a-120--resize.webp
Tort ustası - fiqur ustası,Alba Cakes,"Bakı, Nizami rayonu",Tam-ştat,Digər,1000 - 1500 AZN,16 aprel 2025,16 may 2025,https://www.hellojob.az/vakansiya/tort-ustasi-fiqur-ustasi,https://www.hellojob.az/resized/companies/aabf8cb2a3abbda81f0cbf604f980317-120--resize.webp
Pastry chef,Alba Cakes,"Bakı, Nizami rayonu",Tam-ştat,Digər,1500 - 2000 AZN,16 aprel 2025,16 may 2025,https://www.hellojob.az/vakansiya/pastry-chef,https://www.hellojob.az/resized/companies/aabf8cb2a3abbda81f0cbf604f980317-120--resize.webp
Sürücü,Alba Cakes,"Bakı, Nizami rayonu",Tam-ştat,Sürücü,1000 - 1200 AZN,16 aprel 2025,16 may 2025,https://www.hellojob.az/vakansiya/surucu-905139,https://www.hellojob.az/resized/companies/aabf8cb2a3abbda81f0cbf604f980317-120--resize.webp
Promouter,Azerbaijan Travel Company,"Bakı, Bakı, İçərişəhər",Yarım-ştat,Turizm və mehmanxana işi,400 - 800 AZN,15 aprel 2025,16 may 2025,https://www.hellojob.az/vakansiya/promouter-905137,https://www.hellojob.az/resized/companies/dc06f92dd46f1aeed8a518bec026d725-120--resize.webp
Lombard üzrə mütəxəssis,AMB Rahat Kredit Evi,Bakı,Tam-ştat,Kredit mütəxəssisi,500 - 1000 AZN,16 aprel 2025,16 may 2025,https://www.hellojob.az/vakansiya/lombard-uzre-mutexessis-905138,https://www.hellojob.az/resized/companies/573dc95a054a66cd81aa3f3809425df8-120--resize.webp
Google Ads Təcrübə Proqramı,Afea Group,Bakı,Təcrübəçi,Marketinq,1300 AZN,15 aprel 2025,15 may 2025,https://www.hellojob.az/vakansiya/google-ads-tecrube-proqrami,
Mağazada Satıcı,Bəyaz Flora,"Bakı, 28 Koroğlu Rəhimov küçəsi",Tam-ştat,Satış üzrə mütəxəssis,400 - 800 AZN,15 aprel 2025,15 may 2025,https://www.hellojob.az/vakansiya/metbee-dizayneri-905135,
Mətbəə dizayneri,Bəyaz Flora,"Bakı, Fatmayı",Tam-ştat,Qrafik dizayn,700 - 1200 AZN,15 aprel 2025,15 may 2025,https://www.hellojob.az/vakansiya/metbee-dizayneri-905134,
Brend Nümayəndəsi xanım namizədlər (tütün isitmə sistemi),Around Business Group,Bakı,Yarım-ştat,Satış üzrə mütəxəssis,540 - 900 AZN,15 aprel 2025,15 may 2025,https://www.hellojob.az/vakansiya/brend-numayendesi-xanim-namizedler-tutun-isitme-sistemi,
Bağça müəllimi,MAYA UŞAQ BAĞÇASI,"Bakı, Hesen eliyev Tiblisi prospekti",Tam-ştat,Digər,300 - 350 AZN,15 aprel 2025,15 may 2025,https://www.hellojob.az/vakansiya/bagca-muellimi-905132,
Junior UI/UX Designer,Afea Group,Bakı,Tam-ştat,Dizayn,Razılaşma ilə,15 aprel 2025,15 may 2025,https://www.hellojob.az/vakansiya/junior-uiux-designer,
Sürücü,TAB MMC,"Bakı, Nizami ray. Qara Qarayev pr 102A",Tam-ştat,Sürücü,500 AZN,15 aprel 2025,15 may 2025,https://www.hellojob.az/vakansiya/surucu,
Call-center operator,VEN GROUP MMC,"Bakı, Rəşid Bağırov 33",Tam-ştat,Operator,400 - 800 AZN,15 aprel 2025,15 may 2025,https://www.hellojob.az/vakansiya/call-center-operator-905129,
Менеджер Ресторана (девушки),Restaurants by Emin Agalarov,Bakı,Tam-ştat,Xidmət,Razılaşma ilə,14 aprel 2025,14 may 2025,https://www.hellojob.az/vakansiya/menedzer-restorana-devuski,https://www.hellojob.az/storage/companies/06ccb8ff5519472beb989338237956bc.svg
Менеджер по продажам мероприятий,Restaurants by Emin Agalarov,Bakı,Tam-ştat,Satış üzrə mütəxəssis,1500 AZN,14 aprel 2025,14 may 2025,https://www.hellojob.az/vakansiya/menedzer-po-prodazam-meropriiatii,https://www.hellojob.az/storage/companies/06ccb8ff5519472beb989338237956bc.svg
Baş mühasib,Restaurants by Emin Agalarov,Bakı,Tam-ştat,Maliyyə,3000 AZN,14 aprel 2025,14 may 2025,https://www.hellojob.az/vakansiya/bas-muhasib-905126,https://www.hellojob.az/storage/companies/06ccb8ff5519472beb989338237956bc.svg
Эвент менеджер,Restaurants by Emin Agalarov,,,Marketinq,1000 AZN,14 aprel 2025,14 may 2025,https://www.hellojob.az/vakansiya/event-menedzer-905125,https://www.hellojob.az/storage/companies/06ccb8ff5519472beb989338237956bc.svg
Təcrübə proqramı,Aladdin Holding,"Bakı, Fuad Ibrahimbeyov 9b, Team Plaza",Təcrübəçi,Digər,Razılaşma ilə,14 aprel 2025,14 may 2025,https://www.hellojob.az/vakansiya/tecrube-proqrami-905124,https://www.hellojob.az/resized/companies/cff40a2eb8a9f1adcca46c0eb992988e-120--resize.webp
Satış təmsilçisi,GOLD MMC,"Bakı, Neftçilər m/st yaxınlığı",Tam-ştat,Satış üzrə mütəxəssis,700 - 1000 AZN,14 aprel 2025,14 may 2025,https://www.hellojob.az/vakansiya/satis-temsilcisi-905123,
Kontent Menecer,Balique,"Bakı, Əhməd Cavad 1",Tam-ştat,SMM,700 - 1000 AZN,14 aprel 2025,14 may 2025,https://www.hellojob.az/vakansiya/kontent-menecer,https://www.hellojob.az/resized/companies/55myRaAFIKZi8XZRY3ytMIXBrZXfb7q8kB1zqIQs-120--resize.webp
Rus və İngilis Dili Müəllimi,Harvard Education,"Bakı, İSTİQLALİYYƏT 27",Tam-ştat,Xüsusi təhsil/ Təlim,500 - 900 AZN,14 aprel 2025,14 may 2025,https://www.hellojob.az/vakansiya/rus-ve-ingilis-dili-muellimi-905121,
Qarfik Dizayner,Brandx Media,"Bakı, İçərişəhər m/s-ı ilə üzbəüz. Istiqlaliyyət 27.",Tam-ştat,Qrafik dizayn,500 - 800 AZN,14 aprel 2025,14 may 2025,https://www.hellojob.az/vakansiya/brandx-media,https://www.hellojob.az/resized/companies/UpLc6tPP9s18mCuRdxPdZVagBzCqguoDedILXt4h-120--resize.webp
Korporativ satış üzrə Mütəxəssis,ABV,Bakı,Tam-ştat,Satış,Razılaşma ilə,14 aprel 2025,14 may 2025,https://www.hellojob.az/vakansiya/korporativ-satis-uzre-mutexessis-905119,https://www.hellojob.az/resized/companies/32438928ab8d861f4166a8371bb6a077-120--resize.webp
Tibb bacısı,Asthetik Lab kosmetoloji klinika,"Bakı, Хатаи Ровшан Алиев 19",Tam-ştat,Digər,700 AZN,14 aprel 2025,14 may 2025,https://www.hellojob.az/vakansiya/tibb-bacisi-905118,https://www.hellojob.az/resized/companies/d33317bc0bed89e58ff0b135c2519a84-120--resize.webp
Satış mütəxəssisi,Smart Electronics,Bakı,Tam-ştat,Satış üzrə mütəxəssis,400 - 1200 AZN,14 aprel 2025,14 may 2025,https://www.hellojob.az/vakansiya/satis-mutexessisi-905117,https://www.hellojob.az/resized/companies/bda977d9cce09e9895570c9e8cb3e11f-120--resize.webp
Usta,NR SERVİS,"Bakı, Əhməd Rəcəbli 257",Tam-ştat,Xidmət,600 - 800 AZN,14 aprel 2025,14 may 2025,https://www.hellojob.az/vakansiya/usta-905116,
Aviakassir,Owl Tourism,"Bakı, Fətəli Xan Xoyski 166B",Tam-ştat,Turizm və mehmanxana işi,700 - 800 AZN,14 aprel 2025,14 may 2025,https://www.hellojob.az/vakansiya/aviakassir-905115,https://www.hellojob.az/resized/companies/e2hmQk1WUuEKsS4vhFThvCzDDZPF9GQfZ5nJxzBA-120--resize.webp
Korporativ satış üzrə Mütəxəssis,Travacco,"Bakı, Fətəli Xan Xoyski 166B",Tam-ştat,Satış üzrə mütəxəssis,900 AZN,14 aprel 2025,14 may 2025,https://www.hellojob.az/vakansiya/korporativ-satis-uzre-mutexessis-905114,https://www.hellojob.az/resized/companies/cLKZMfyncpYHFtV2vfr6pk1r0CPibJxjbc08bNAj-120--resize.webp
Rəqəmsal (Digital) Marketinq mütəxəssisi,Travacco,"Bakı, Fətəli Xan Xoyski 166B",Tam-ştat,Rəqəmsal marketinq,900 - 1100 AZN,14 aprel 2025,14 may 2025,https://www.hellojob.az/vakansiya/reqemsal-digital-marketinq-mutexessisi-905113,https://www.hellojob.az/resized/companies/cLKZMfyncpYHFtV2vfr6pk1r0CPibJxjbc08bNAj-120--resize.webp
Satış mütəxəssisi,Sigma LLC,Bakı,Uzaqdan,Digər,700 - 900 AZN,13 aprel 2025,13 may 2025,https://www.hellojob.az/vakansiya/satis-mutexessisi-905112,
Gözəllik salonu işçiləri,Beauty & Luxe,Bakı,Tam-ştat,Xidmət,Razılaşma ilə,13 aprel 2025,13 may 2025,https://www.hellojob.az/vakansiya/gozellik-salonu-iscileri,
Rəqəmsal (Digital) Marketinq mütəxəssisi,PrimeHaul,Bakı,Tam-ştat,Rəqəmsal marketinq,Razılaşma ilə,12 aprel 2025,13 may 2025,https://www.hellojob.az/vakansiya/reqemsal-digital-marketinq-mutexessisi-905110,
Satış Meneceri,Deirvlon Technologies,Bakı,Yarım-ştat,Satış üzrə mütəxəssis,Razılaşma ilə,12 aprel 2025,13 may 2025,https://www.hellojob.az/vakansiya/satis-meneceri-905109,https://www.hellojob.az/resized/companies/7f5c90def621a5815e41a33327e9bfbb-120--resize.webp
Kargüzar köməkçisi,Global Group MMC,"Bakı, Genclik",Tam-ştat,Digər,600 AZN,12 aprel 2025,13 may 2025,https://www.hellojob.az/vakansiya/karguzar-komekcisi,
Satış təmsilçisi,Solo Group,Bakı,Tam-ştat,Satış üzrə mütəxəssis,400 - 700 AZN,12 aprel 2025,12 may 2025,https://www.hellojob.az/vakansiya/satis-temsilcisi-905107,https://www.hellojob.az/resized/companies/8d33b5176f71c49e8af06fb9c76ac0ac-120--resize.webp
Satış təmsilçisi,INGENIOUS MANUFACTURING SOLUTIONS LLC,"Bakı, Ələsgər Qayıbov 10",Tam-ştat,Satış üzrə mütəxəssis,700 - 1200 AZN,11 aprel 2025,12 may 2025,https://www.hellojob.az/vakansiya/satis-temsilcisi-905102,
Təchizatçı,NIOS,"Bakı, Ag Şəhər",Tam-ştat,Digər,Razılaşma ilə,12 aprel 2025,12 may 2025,https://www.hellojob.az/vakansiya/techizatci,
Ütüçü,Shakh Laundry,"Bakı, Amay Ticarət mərkəzi yaxınlığı",Tam-ştat,Digər,500 - 700 AZN,11 aprel 2025,11 may 2025,https://www.hellojob.az/vakansiya/elvin-musayev,
Operator,Baku Chekup Mərkəzi,"Bakı, Mirəsədulla Mirqasımov 24B",Tam-ştat,Operator,500 AZN,11 aprel 2025,11 may 2025,https://www.hellojob.az/vakansiya/operator,
Satış Meneceri,Saat Store,Bakı,Tam-ştat,Satış üzrə mütəxəssis,500 - 1500 AZN,11 aprel 2025,11 may 2025,https://www.hellojob.az/vakansiya/satis-meneceri-905099,https://www.hellojob.az/resized/companies/b57a7989e568e94c80bea09bd345cf90-120--resize.webp
Qrafik Dizayner,Saat Store,Bakı,Tam-ştat,Qrafik dizayn,500 - 800 AZN,11 aprel 2025,11 may 2025,https://www.hellojob.az/vakansiya/qrafik-dizayner-905098,https://www.hellojob.az/resized/companies/b57a7989e568e94c80bea09bd345cf90-120--resize.webp
Animator,Parti Baku,"Bakı, Xudu Məmmədov 309a",Tam-ştat,Digər,500 - 750 AZN,11 aprel 2025,11 may 2025,https://www.hellojob.az/vakansiya/animator-905097,
Baş mühasib,Liman Hospital,Sumqayıt,Tam-ştat,Mühasibat,700 - 800 AZN,10 aprel 2025,11 may 2025,https://www.hellojob.az/vakansiya/bas-muhasib-905096,https://www.hellojob.az/resized/companies/907b2a44440c8b1446c8705714be7bf8-120--resize.webp
Satış mütəxəssisi,Alpha Motors,"Bakı, Caspian Plaza Biznes Mərkəzi",Tam-ştat,Satış üzrə mütəxəssis,500 - 2500 AZN,10 aprel 2025,10 may 2025,https://www.hellojob.az/vakansiya/satis-mutexessisi-905095,
Senior DevOps engineer,Azerbaijan Artificial Intelligence Lab,Bakı,Tam-ştat,Proqramlaşdırma,Razılaşma ilə,10 aprel 2025,10 may 2025,https://www.hellojob.az/vakansiya/senior-devops-engineer,https://www.hellojob.az/resized/companies/zaXr8HfDeNyjtuSXzz5TlUrBzxgAne7O7PDtv02r-120--resize.webp
Menecer,Hafiz Tədris Mərkəzi,"Bakı, Nizami ray., İ.Məmmədov küç. 7  (Xalqlar dostluğu metrosu yani)",Tam-ştat,Xüsusi təhsil/ Təlim,Razılaşma ilə,10 aprel 2025,10 may 2025,https://www.hellojob.az/vakansiya/menecer-905093,
Middle front-end developer,Azerbaijan Artificial Intelligence Lab,Bakı,Tam-ştat,Proqramlaşdırma,Razılaşma ilə,10 aprel 2025,10 may 2025,https://www.hellojob.az/vakansiya/middle-front-end-developer-905092,https://www.hellojob.az/resized/companies/zaXr8HfDeNyjtuSXzz5TlUrBzxgAne7O7PDtv02r-120--resize.webp
Middle QA engineer (automation),Azerbaijan Artificial Intelligence Lab,Bakı,Tam-ştat,Proqramlaşdırma,Razılaşma ilə,10 aprel 2025,10 may 2025,https://www.hellojob.az/vakansiya/middle-qa-engineer-automation,https://www.hellojob.az/resized/companies/zaXr8HfDeNyjtuSXzz5TlUrBzxgAne7O7PDtv02r-120--resize.webp
PR specialist,Azerbaijan Artificial Intelligence Lab,Bakı,Tam-ştat,İctimaiyyətlə əlaqələr (PR),Razılaşma ilə,10 aprel 2025,10 may 2025,https://www.hellojob.az/vakansiya/pr-specialist,https://www.hellojob.az/resized/companies/zaXr8HfDeNyjtuSXzz5TlUrBzxgAne7O7PDtv02r-120--resize.webp
Middle back-end developer,Azerbaijan Artificial Intelligence Lab,Bakı,Tam-ştat,Proqramlaşdırma,Razılaşma ilə,10 aprel 2025,10 may 2025,https://www.hellojob.az/vakansiya/middle-back-end-developer-905089,https://www.hellojob.az/resized/companies/zaXr8HfDeNyjtuSXzz5TlUrBzxgAne7O7PDtv02r-120--resize.webp
Senior copywriter,Azerbaijan Artificial Intelligence Lab,Bakı,Tam-ştat,Kopiraytinq,Razılaşma ilə,10 aprel 2025,10 may 2025,https://www.hellojob.az/vakansiya/senior-copywriter-905088,https://www.hellojob.az/resized/companies/zaXr8HfDeNyjtuSXzz5TlUrBzxgAne7O7PDtv02r-120--resize.webp
Career advisor,Azerbaijan Artificial Intelligence Lab,Bakı,Tam-ştat,Digər,Razılaşma ilə,10 aprel 2025,10 may 2025,https://www.hellojob.az/vakansiya/career-advisor,https://www.hellojob.az/resized/companies/zaXr8HfDeNyjtuSXzz5TlUrBzxgAne7O7PDtv02r-120--resize.webp
Senior back-end developer,Azerbaijan Artificial Intelligence Lab,Bakı,Tam-ştat,Proqramlaşdırma,Razılaşma ilə,10 aprel 2025,10 may 2025,https://www.hellojob.az/vakansiya/senior-back-end-developer,https://www.hellojob.az/resized/companies/zaXr8HfDeNyjtuSXzz5TlUrBzxgAne7O7PDtv02r-120--resize.webp
Kredit mütəxəssisi,DOST Lombard,"Bakı, Cavadxan küç.",Tam-ştat,Kredit mütəxəssisi,500 - 900 AZN,10 aprel 2025,10 may 2025,https://www.hellojob.az/vakansiya/kredit-mutexessisi-905085,https://www.hellojob.az/resized/companies/5cdcfad5dbf6497a672d27ea2f612f5d-120--resize.webp
Ofis meneceri,British Academy,"Bakı, Bakı",Yarım-ştat,Digər,250 - 300 AZN,10 aprel 2025,10 may 2025,https://www.hellojob.az/vakansiya/ofis-meneceri-905084,
Layihə Koordinatoru/Tərcüməçi,Consolidated Business Management LLC,Bakı,Tam-ştat,Ofis menecmenti,400 - 500 AZN,10 aprel 2025,10 may 2025,https://www.hellojob.az/vakansiya/layihe-koordinatorutercumeci,https://www.hellojob.az/resized/companies/a13477ee58a7425e00869b5635c4e8d8-120--resize.webp
Satıcı,NewYorker,Bakı,Tam-ştat,Satış,Razılaşma ilə,10 aprel 2025,10 may 2025,https://www.hellojob.az/vakansiya/satici-905082,
Kiçik Mühasib,TAB MMC,"Bakı, Bakı şəh. Nizami ray. Qara Qarayev pr. 102",Tam-ştat,Digər,Razılaşma ilə,10 aprel 2025,10 may 2025,https://www.hellojob.az/vakansiya/kicik-muhasib-905081,
Satış Meneceri,İnvest Home,"Bakı, Babək pr 10 e Rusel plaza Babək plazanın yanı Xətai metrosunun arxası",Tam-ştat,Satış üzrə mütəxəssis,800 - 1500 AZN,10 aprel 2025,10 may 2025,https://www.hellojob.az/vakansiya/satis-meneceri-905079,
Reception,Ayru Estetik Mərkəzi,Bakı,Tam-ştat,Xidmət,Razılaşma ilə,10 aprel 2025,10 may 2025,https://www.hellojob.az/vakansiya/reception-905080,
Ofis meneceri,Company,"Bakı, Ağ Şəhər",Tam-ştat,Ofis menecmenti,500 - 600 AZN,09 aprel 2025,09 may 2025,https://www.hellojob.az/vakansiya/ofis-meneceri-905078,
Moto Kuryer,Wraym,"Bakı, N.Nərimanov ray, Əliyar Əliyev küç. 206 (Azinko yaşayış kompleksinin yanı, N.Nərimanov metrosu yaxınlığı)",Tam-ştat,Kuryer,700 - 900 AZN,09 aprel 2025,09 may 2025,https://www.hellojob.az/vakansiya/moto-kuryer,https://www.hellojob.az/resized/companies/c6aef7ad7fd65e93e947028bdc3f04ac-120--resize.webp
Satış məsləhətçisi,Zeta Group (Entertainer oyuncaq mağazası),Bakı,Tam-ştat,Satış üzrə mütəxəssis,500 - 600 AZN,09 aprel 2025,09 may 2025,https://www.hellojob.az/vakansiya/satis-meslehetcisi-905076,https://www.hellojob.az/resized/companies/c15afe7d664dedc2b7d4adbec23d462f-120--resize.webp
Sığorta üzrə Mütəxəssis,Mega Həyat Sığorta,"Bakı, Ziya Bünyadov pr, 1965. Çinar Park Biznes Mərkəzi",Tam-ştat,Sığorta,400 - 600 AZN,09 aprel 2025,09 may 2025,https://www.hellojob.az/vakansiya/sigorta-uzre-mutexessis-905075,https://www.hellojob.az/resized/companies/beddf3441dcae5d6307e1075142e02ef-120--resize.webp
Data Analitik,DOST Rəqəmsal İnnovasiyalar Mərkəzi,Bakı,Tam-ştat,Digər,Razılaşma ilə,09 aprel 2025,09 may 2025,https://www.hellojob.az/vakansiya/data-analitik-905074,https://www.hellojob.az/resized/companies/dd782050261e2fd0d362b1ae238692ff-120--resize.webp
YÖS üzrə Riyaziyyat və Məntiq müəllimi,Azeredu Xaricdə Təhsil Mərkəzi,"Bakı, Əşrəf Əliyev 100",Tam-ştat,Xüsusi təhsil/ Təlim,Razılaşma ilə,09 aprel 2025,09 may 2025,https://www.hellojob.az/vakansiya/yos-uzre-riyaziyyat-ve-mentiq-muellimi,
Reception,Rəvan Əmlak,Bakı,Tam-ştat,Katibə / Resepşn,Razılaşma ilə,09 aprel 2025,09 may 2025,https://www.hellojob.az/vakansiya/reception-905071,
Daşınmaz əmlak agenti / makler,Rəvan Əmlak,Bakı,Tam-ştat,Xidmət,Razılaşma ilə,09 aprel 2025,09 may 2025,https://www.hellojob.az/vakansiya/dasinmaz-emlak-agenti-makler,
Həkim-kosmetoloq,Empire by Asthetik Lab,"Bakı, Xətai m\s Rövşən Əliyev 19",Tam-ştat,Həkim,1000 - 1500 AZN,09 aprel 2025,09 may 2025,https://www.hellojob.az/vakansiya/hekim-kosmetoloq-905069,
Kassir,Avis Apteklər Şəbəkəsi,Bakı,Tam-ştat,Digər,450 - 600 AZN,09 aprel 2025,09 may 2025,https://www.hellojob.az/vakansiya/kassir-905068,https://www.hellojob.az/resized/companies/a7bbe10d300f3f1bc9b5d022d7db6c51-120--resize.webp
Video Montajçı Təcrübəçi,Genc Media,"Bakı, Əhməd Rəcəbli",Tam-ştat,Digər,Razılaşma ilə,09 aprel 2025,09 may 2025,https://www.hellojob.az/vakansiya/video-montajci-tecrubeci,https://www.hellojob.az/resized/companies/daadfb0b5549303a18ef70e80c7165d9-120--resize.webp
Ofis proqramları müəllimi,British Academy,"Bakı, Baki",Tam-ştat,Digər,Razılaşma ilə,09 aprel 2025,09 may 2025,https://www.hellojob.az/vakansiya/ofis-proqramlari-muellimi-905061,
Texniki dəstək bölmə müdiri,Rəqəmsal Səhiyyə Mərkəzi,Bakı,Tam-ştat,Digər,Razılaşma ilə,09 aprel 2025,09 may 2025,https://www.hellojob.az/vakansiya/texniki-destek-bolme-mudiri,
QSS Analytics Full-Time Təcrübə Proqramı,QSS Analytics,"Bakı, Aşıq Alı 2A, Nərimanov rayonu",Təcrübəçi,Proqramlaşdırma,Razılaşma ilə,09 aprel 2025,09 may 2025,https://www.hellojob.az/vakansiya/qss-analytics-full-time-tecrube-proqrami,https://www.hellojob.az/resized/companies/91ab67c71e78f8ca9c0bc95c38d29595-120--resize.webp
Marketinq mütəxəssisi,Sigma LLC,Bakı,Uzaqdan,Rəqəmsal marketinq,800 - 1100 AZN,09 aprel 2025,09 may 2025,https://www.hellojob.az/vakansiya/marketinq-mutexessisi-905057,
Ofisiant,Peçat Dönər,"Bakı, İçərişəhər metrosu, Axundov bağı",Tam-ştat,Ofisiant,450 AZN,08 aprel 2025,08 may 2025,https://www.hellojob.az/vakansiya/ofisiant-905056,https://www.hellojob.az/resized/companies/7FBsqmquZGTqYe3LNfS2mEgsIl1sgGgB13EjKrBS-120--resize.webp
Serviz üzrə məsləhətçi,1 Servis,Bakı,Tam-ştat,Müxtəlif,Razılaşma ilə,08 aprel 2025,08 may 2025,https://www.hellojob.az/vakansiya/serviz-uzre-meslehetci-905055,
Otaq xidmətçisi,Holiday Inn Baku,Bakı,Tam-ştat,Xidmət,Razılaşma ilə,08 aprel 2025,08 may 2025,https://www.hellojob.az/vakansiya/otaq-xidmetcisi-905054,https://www.hellojob.az/resized/companies/6010b370aaa1dcca35d4bc6bfbe43e72-120--resize.webp
Qabyuyan,Holiday Inn Baku,Bakı,Tam-ştat,Xidmət,Razılaşma ilə,08 aprel 2025,08 may 2025,https://www.hellojob.az/vakansiya/qabyuyan,https://www.hellojob.az/resized/companies/6010b370aaa1dcca35d4bc6bfbe43e72-120--resize.webp
Ofisiant,Holiday Inn Baku,Bakı,Tam-ştat,Xidmət,Razılaşma ilə,08 aprel 2025,08 may 2025,https://www.hellojob.az/vakansiya/ofisiant-905052,https://www.hellojob.az/resized/companies/6010b370aaa1dcca35d4bc6bfbe43e72-120--resize.webp
İnsan Resursları üzrə Koordinator,Holiday Inn Baku,Bakı,Tam-ştat,İnzibati,Razılaşma ilə,08 aprel 2025,08 may 2025,https://www.hellojob.az/vakansiya/insan-resurslari-uzre-koordinator,https://www.hellojob.az/resized/companies/6010b370aaa1dcca35d4bc6bfbe43e72-120--resize.webp
İlkin təqib üzrə mütəxəssis,TAB MMC,"Bakı, Bakı şəh. Nizami ray. Qara Qarayev pr 102A",Təcrübəçi,Digər,400 AZN,08 aprel 2025,08 may 2025,https://www.hellojob.az/vakansiya/ilkin-teqib-uzre-mutexessis-905050,
Online Satış üzrə Mütəxəssis (Mağaza daxilində işləyəcək),TELEHOME ELEKTRONİCS,"Bakı, Nizami metrosu yaxınlığı",Tam-ştat,Satış üzrə mütəxəssis,450 - 1500 AZN,08 aprel 2025,08 may 2025,https://www.hellojob.az/vakansiya/online-satis-uzre-mutexessis-magaza-daxilinde-isleyecek,https://www.hellojob.az/resized/companies/1dba5edd3e8b22498c2270da0191f7fe-120--resize.webp
Ekspeditor,İnci Group of Companies QSC,Bakı,Tam-ştat,Digər,600 - 1500 AZN,08 aprel 2025,08 may 2025,https://www.hellojob.az/vakansiya/ekspeditor-905048,https://www.hellojob.az/resized/companies/cb61e47dcad1861947cecd2ceb94193a-120--resize.webp
Satış təmsilçisi,Bonamed,"Bakı, Bakıxanov küçəsi 18",Tam-ştat,Satış üzrə mütəxəssis,600 AZN,08 aprel 2025,08 may 2025,https://www.hellojob.az/vakansiya/satis-temsilcisi-905047,
Əməliyyatçı-xəzinədar(Xırdalan filialı),Güvənli MMC,Xırdalan,Tam-ştat,Bank xidməti,400 AZN,08 aprel 2025,08 may 2025,https://www.hellojob.az/vakansiya/emeliyyatci-xezinedarxirdalan-filiali,https://www.hellojob.az/storage/companies/1905e2d4ad1b0d81c325e76c60893a2f.svg
Əməliyyatçı-xəzinədar(Bakı filialı),Güvənli MMC,Bakı,Tam-ştat,Bank xidməti,400 AZN,08 aprel 2025,08 may 2025,https://www.hellojob.az/vakansiya/emeliyyatci-xezinedarbaki-filiali,https://www.hellojob.az/storage/companies/1905e2d4ad1b0d81c325e76c60893a2f.svg
Təcrübəçi kredit mütəxəssisi,Güvənli MMC,Bakı,Təcrübəçi,Bank xidməti,Razılaşma ilə,08 aprel 2025,08 may 2025,https://www.hellojob.az/vakansiya/tecrubeci-kredit-mutexessisi-905046,https://www.hellojob.az/storage/companies/1905e2d4ad1b0d81c325e76c60893a2f.svg
Telesatış üzrə mütəxəssis,Bəyaz Flora,"Bakı, 28 Koroğlu Rəhimov küçəsi",Tam-ştat,Satış üzrə mütəxəssis,Razılaşma ilə,08 aprel 2025,08 may 2025,https://www.hellojob.az/vakansiya/telesatis-uzre-mutexessis-905043,
Kontent Menecer / Marketinq Mütəxəssisi,PozitivSən,Bakı,Frilans,Digər,Razılaşma ilə,27 mart 2025,26 aprel 2025,https://www.hellojob.az/vakansiya/kontent-menecer-marketinq-mutexessisi,https://www.hellojob.az/resized/companies/eMQm8zc4KZcMf3kpkEVHMUEnTY6pa1me2Ww9HVho-120--resize.webp
Anbardar,Dynamex,"Bakı, Koroglu",Tam-ştat,Anbardar,400 - 500 AZN,08 aprel 2025,08 may 2025,https://www.hellojob.az/vakansiya/anbardar-905039,https://www.hellojob.az/resized/companies/64fbd8f7b29d71e16e4bf150a53edddf-120--resize.webp
Reklam meneceri,Nero MMC,"Bakı, Sabit Rahman 55, Office",Tam-ştat,Digər,Razılaşma ilə,08 aprel 2025,08 may 2025,https://www.hellojob.az/vakansiya/rashad-bayjan,
Satınalma üzrə mütəxəssis,Private Facility Management MMC,"Bakı, Ayaz İsmayılov 8_Xətai metrosu və Meqafanın yaxınlığı",Tam-ştat,Digər,1000 - 1300 AZN,07 aprel 2025,08 may 2025,https://www.hellojob.az/vakansiya/satinalma-uzre-mutexessis-905038,
Rəqəmsal (Digital) Marketinq mütəxəssisi,Azerbaijan Artificial Intelligence Lab,Bakı,Tam-ştat,Rəqəmsal marketinq,Razılaşma ilə,07 aprel 2025,07 may 2025,https://www.hellojob.az/vakansiya/reqemsal-digital-marketinq-mutexessisi,https://www.hellojob.az/resized/companies/zaXr8HfDeNyjtuSXzz5TlUrBzxgAne7O7PDtv02r-120--resize.webp
Content Manager,Azerbaijan Artificial Intelligence Lab,Bakı,Tam-ştat,Kopiraytinq,Razılaşma ilə,07 aprel 2025,07 may 2025,https://www.hellojob.az/vakansiya/content-manager,https://www.hellojob.az/resized/companies/zaXr8HfDeNyjtuSXzz5TlUrBzxgAne7O7PDtv02r-120--resize.webp
Community manager,Azerbaijan Artificial Intelligence Lab,Bakı,Tam-ştat,İctimaiyyətlə əlaqələr (PR),Razılaşma ilə,07 aprel 2025,07 may 2025,https://www.hellojob.az/vakansiya/community-manager-905035,https://www.hellojob.az/resized/companies/zaXr8HfDeNyjtuSXzz5TlUrBzxgAne7O7PDtv02r-120--resize.webp
Satış Meneceri (Ofis daxili),Məlumat Mərkəzi,"Bakı, Şamil Əzizbəyov 140",Tam-ştat,Menecer,500 AZN,07 aprel 2025,07 may 2025,https://www.hellojob.az/vakansiya/satis-meneceri-ofis-daxili,
Satıcı,So White Bridal,"Bakı, Üzeyir Hacibeyli 37/43, Baku, Azerbaijan.",Tam-ştat,Digər,600 AZN,07 aprel 2025,07 may 2025,https://www.hellojob.az/vakansiya/satici-905033,
Fotoqraf və videoqraf,Azena Dental Consulting,"Bakı, Əmrahlı iş mərkəzi, 116A Nasibbay Yusifbaylia",Tam-ştat,Digər,800 - 1000 AZN,07 aprel 2025,07 may 2025,https://www.hellojob.az/vakansiya/fotoqraf-ve-videoqraf-905031,https://www.hellojob.az/resized/companies/1ad583a462635273d2c1d3a72701b565-120--resize.webp
Satış üzrə məsləhətçi,ITALDIZAIN,Bakı,Tam-ştat,Satış üzrə mütəxəssis,650 - 720 AZN,07 aprel 2025,07 may 2025,https://www.hellojob.az/vakansiya/satis-uzre-meslehetci-905030,https://www.hellojob.az/resized/companies/f5653c9891406449cbcf85d295033dec-120--resize.webp
Dizayner,Link Wordwide,Bakı,Tam-ştat,Marketinq menecment,1000 - 1500 AZN,07 aprel 2025,07 may 2025,https://www.hellojob.az/vakansiya/dizayner-905025,
TƏCRÜBƏLİ Tur Menecer,Rose Travel,Bakı,Tam-ştat,Turizm və mehmanxana işi,800 - 1000 AZN,07 aprel 2025,07 may 2025,https://www.hellojob.az/vakansiya/tecrubeli-tur-menecer,
HR / İnsan resursları Mütəxəssisi,Sigma LLC,Bakı,Uzaqdan,İnsan resursları,Razılaşma ilə,07 aprel 2025,07 may 2025,https://www.hellojob.az/vakansiya/hr-insan-resurslari-mutexessisi,
Korporativ satış üzrə Mütəxəssis,Azcosmetics MMC,"Bakı, Nəriman Nərimanov",Tam-ştat,Satış üzrə mütəxəssis,800 - 1000 AZN,07 aprel 2025,07 may 2025,https://www.hellojob.az/vakansiya/korporativ-satis-uzre-mutexessis-905022,https://www.hellojob.az/resized/companies/fc8fbb092b9303fddb01c59bc6965cb0-120--resize.webp
Satış mütəxəssisi,ELECTROCOMP MMC,"Bakı, Bülbül pr 58H",Tam-ştat,Digər,500 AZN,07 aprel 2025,07 may 2025,https://www.hellojob.az/vakansiya/satis-mutexessisi-905023,
Xaricdə təhsil mütəxəssisi assistenti (personal assistant),Edumax,Bakı,Tam-ştat,Təhsil və elm,Razılaşma ilə,07 aprel 2025,07 may 2025,https://www.hellojob.az/vakansiya/xaricde-tehsil-mutexessisi-assistenti-personal-assistant,https://www.hellojob.az/resized/companies/a9a5f72308f4c46938c0ce45d1c8cfab-120--resize.webp
Satış mütəxəssisi,Wraym,"Bakı, N.Nərimanov ray, Əliyar Əliyev küç. 206 (Azinko yaşayış kompleksinin yanı, N.Nərimanov metrosu yaxınlığı)",Tam-ştat,Satış üzrə mütəxəssis,600 - 1500 AZN,31 mart 2025,30 aprel 2025,https://www.hellojob.az/vakansiya/satis-mutexessisi-904962,https://www.hellojob.az/resized/companies/c6aef7ad7fd65e93e947028bdc3f04ac-120--resize.webp
Satış mütəxəssisi,Wraym,"Bakı, N.Nərimanov ray, Əliyar Əliyev küç. 206 (Azinko yaşayış kompleksinin yanı, N.Nərimanov metrosu yaxınlığı)",Tam-ştat,Satış üzrə mütəxəssis,700 - 1500 AZN,31 mart 2025,30 aprel 2025,https://www.hellojob.az/vakansiya/satis-mutexessisi-904963,https://www.hellojob.az/resized/companies/c6aef7ad7fd65e93e947028bdc3f04ac-120--resize.webp
Arxiv işi üzrə mütəxəssis,Global Group MMC,"Bakı, Gənclik",Tam-ştat,Digər,600 AZN,05 aprel 2025,06 may 2025,https://www.hellojob.az/vakansiya/arxiv-isi-uzre-mutexessis-905009,
English Teacher,Hiss Academy,"Bakı, Sabunçu,Yeni Ramana",Tam-ştat,Məktəb tədrisi,Razılaşma ilə,05 aprel 2025,06 may 2025,https://www.hellojob.az/vakansiya/english-teacher-905010,
Satiş üzrə agent ( Promouter ),My Tour Baku,"Bakı, Kichik Gala 82",Tam-ştat,Turizm və mehmanxana işi,400 - 1400 AZN,06 aprel 2025,06 may 2025,https://www.hellojob.az/vakansiya/satis-uzre-agent-promouter,https://www.hellojob.az/resized/companies/0be2bdb177ecd4c72549fc1c5a82e909-120--resize.webp
Satış məsləhətçisi,iCare+,"Bakı, koroglu metro cixisi Haydar Aliyev pr 172 Bravo hipermarketin daxili",Tam-ştat,Satış üzrə mütəxəssis,400 - 700 AZN,06 aprel 2025,06 may 2025,https://www.hellojob.az/vakansiya/satis-meslehetcisi-905015,
Satış məsləhətçisi,Stimul Work Center,Bakı,Tam-ştat,Satış üzrə mütəxəssis,700 - 1000 AZN,05 aprel 2025,06 may 2025,https://www.hellojob.az/vakansiya/satis-meslehetcisi-905008,https://www.hellojob.az/resized/companies/8f4207b61a1d60b4843683f2fcc4ce0c-120--resize.webp
Xüsusi müştərilər üzrə mütəxəssis,Sığortalı.az,"Bakı, Badamdar şossesi 42",Tam-ştat,Sığorta,500 - 600 AZN,05 aprel 2025,05 may 2025,https://www.hellojob.az/vakansiya/xususi-musteriler-uzre-mutexessis,https://www.hellojob.az/resized/companies/1bae41759327df71f0b24095598f916f-120--resize.webp
Direktor assistenti,İdeal Kredit,Bakı,Tam-ştat,Katibə / Resepşn,Razılaşma ilə,04 aprel 2025,04 may 2025,https://www.hellojob.az/vakansiya/direktor-assistenti-905006,
Anbardar,Ecarparts.az,"Bakı, Məhəmməd Xiyabani 192 G",Tam-ştat,Anbardar,500 AZN,04 aprel 2025,04 may 2025,https://www.hellojob.az/vakansiya/anbardar-905005,
Aparıcı mütəxəssis,TAB MMC,"Bakı, Bakı şəh. Nizami ray. Qara Qarayev pr. 102 A",Tam-ştat,Mühasibat,500 - 600 AZN,04 aprel 2025,04 may 2025,https://www.hellojob.az/vakansiya/aparici-mutexessis-905003,
Köməkçi Müəllim,ChildnLife,Bakı,Tam-ştat,Təhsil və elm,Razılaşma ilə,04 aprel 2025,04 may 2025,https://www.hellojob.az/vakansiya/komekci-muellim,
Kosmetoloq,Ayru Estetik Mərkəzi,Bakı,Tam-ştat,Xidmət,500 - 1000 AZN,04 aprel 2025,04 may 2025,https://www.hellojob.az/vakansiya/kosmetoloq,
Ofisiant,MOC roastery,Bakı,Tam-ştat,Ofisiant,700 AZN,04 aprel 2025,04 may 2025,https://www.hellojob.az/vakansiya/ferid-ceferov,
Sosial Media Marketinq (SMM) mütəxəssisi,Xırdalan Tədris Mərkəzi,"Xırdalan, Mehdi Hüseynzadə 31A",Tam-ştat,Digər,Razılaşma ilə,04 aprel 2025,04 may 2025,https://www.hellojob.az/vakansiya/sosial-media-marketinq-smm-mutexessisi-904995,https://www.hellojob.az/assets/images/blank-image.svg
Call-center operator,VEN GROUP MMC,"Bakı, Rəşid Bağırov 33",Tam-ştat,Operator,400 - 800 AZN,04 aprel 2025,04 may 2025,https://www.hellojob.az/vakansiya/call-center-operator-904996,
Daxili nəzarət üzrə mütəxəssis,Berg Energy MMC,"Bakı, Sulutəpə",Tam-ştat,Digər,600 AZN,04 aprel 2025,04 may 2025,https://www.hellojob.az/vakansiya/daxili-nezaret-uzre-mutexessis-904994,
Diş texniki,Digital Diagnostics World,"Bakı, Nərimanov rayonu",Tam-ştat,Digər,Razılaşma ilə,04 aprel 2025,04 may 2025,https://www.hellojob.az/vakansiya/cinara-qasimova,
Mal qəbulçusu,Melissa Store,"Bakı, 20 yanvar mts yaxınlığı, Hesen Bey Zərdabi 92A (Melissa store)",Tam-ştat,Digər,600 - 650 AZN,03 aprel 2025,03 may 2025,https://www.hellojob.az/vakansiya/mal-qebulcusu-904992,
Qeydiyyatçı,EDUGrata Təhsil Mərkəzi,Bakı,Tam-ştat,Xüsusi təhsil/ Təlim,Razılaşma ilə,03 aprel 2025,03 may 2025,https://www.hellojob.az/vakansiya/qeydiyyatci-904991,https://www.hellojob.az/resized/companies/7986870344ee9df117a7f1606eb48760-120--resize.webp
Avropada Təhsil üzrə mütəxəssis,Edumax,Bakı,Tam-ştat,Təhsil və elm,Razılaşma ilə,03 aprel 2025,03 may 2025,https://www.hellojob.az/vakansiya/tehsil-meneceri-904990,https://www.hellojob.az/resized/companies/a9a5f72308f4c46938c0ce45d1c8cfab-120--resize.webp
Rus dili müəllimi,Wisest Academy,"Bakı, Nərimanov",Tam-ştat,Digər,500 - 600 AZN,03 aprel 2025,03 may 2025,https://www.hellojob.az/vakansiya/rus-dili-muellimi-904989,
Müştəri xidmətləri üzrə mütəxəssis,Kargolux,"Bakı, Nərimanov rayonu",Tam-ştat,Operator,500 - 600 AZN,03 aprel 2025,03 may 2025,https://www.hellojob.az/vakansiya/musteri-xidmetleri-uzre-mutexessis-904988,https://www.hellojob.az/resized/companies/3bd2edef016b1bfd8bbac5f1582ab4a7-120--resize.webp
Senior Product Owner,Afea Group,Bakı,Tam-ştat,Digər,Razılaşma ilə,03 aprel 2025,03 may 2025,https://www.hellojob.az/vakansiya/senior-product-owner,https://www.hellojob.az/resized/companies/c03ef9673cb34ec0fba1e042360637e4-120--resize.webp
Lizinq mütəxəssisi,İdeal Kredit,Bakı,Tam-ştat,Kredit mütəxəssisi,Razılaşma ilə,03 aprel 2025,03 may 2025,https://www.hellojob.az/vakansiya/lizinq-mutexessisi-904986,
Sushimen,Buddha Sushi,"Bakı, Nizami küç.182e",Tam-ştat,Restoran işi,Razılaşma ilə,02 aprel 2025,02 may 2025,https://www.hellojob.az/vakansiya/sushimen,
Ofisiant,The Attack,"Bakı, Neftçilər prospekti 153",Tam-ştat,Ofisiant,600 AZN,02 aprel 2025,02 may 2025,https://www.hellojob.az/vakansiya/ofisiant-904983,
Təmizlikçi,ŞEH MMC,"Bakı, Bakı şəhəri",Tam-ştat,Digər,550 AZN,02 aprel 2025,02 may 2025,https://www.hellojob.az/vakansiya/temizlikci-904985,
Qızıl girovlu kreditlər üzrə Mütəxəssis,İdeal Kredit,Bakı,Tam-ştat,Kredit mütəxəssisi,Razılaşma ilə,02 aprel 2025,02 may 2025,https://www.hellojob.az/vakansiya/qizil-girovlu-kreditler-uzre-mutexessis,
Qeydiyyatçı,1st Fitness MMC,"Bakı, 28 may,Vurgun Residence",Tam-ştat,Katibə / Resepşn,500 AZN,02 aprel 2025,02 may 2025,https://www.hellojob.az/vakansiya/qeydiyyatci-904980,https://www.hellojob.az/resized/companies/c38b2ebc2ca4c71cc1c72058a9c8476f-120--resize.webp
Avtomobil Brend Menecer,INEX MEDİCAL,"Bakı, Çapayev",Tam-ştat,Menecer,800 AZN,02 aprel 2025,02 may 2025,https://www.hellojob.az/vakansiya/avtomobil-brend-menecer,
Qeydiyyatçı,Lombard (kredit təskilatı),"Bakı, Xirdalan və Binəqədi",Tam-ştat,Bank xidməti,500 - 800 AZN,02 aprel 2025,02 may 2025,https://www.hellojob.az/vakansiya/qeydiyyatci-904977,
Satış mütəxəssisi,Nero MMC,"Bakı, Sabit Rahman 55, Office",Tam-ştat,Digər,500 AZN,02 aprel 2025,02 may 2025,https://www.hellojob.az/vakansiya/satis-mutexessisi-904978,
Mühasib,Cənnət Bağı Şirkətlər Qrupu,Mingəçevir,Tam-ştat,Maliyyə,1000 AZN,01 aprel 2025,01 may 2025,https://www.hellojob.az/vakansiya/muhasib-904976,https://www.hellojob.az/resized/companies/12e97abef783d2c69e58f9e038416309-120--resize.webp
Satış təmsilçisi,Azerbaijan Travel Company,"Bakı, İçərişəhər",Yarım-ştat,Turizm və mehmanxana işi,400 - 1000 AZN,01 aprel 2025,01 may 2025,https://www.hellojob.az/vakansiya/satis-temsilcisi-904975,https://www.hellojob.az/resized/companies/dc06f92dd46f1aeed8a518bec026d725-120--resize.webp
Satış üzrə mütəxəssis,Atəşgah Sığorta Şirkəti,"Bakı, Səbail rayonu, Vəli Məmmədov küçəsi 16",Təcrübəçi,Satış üzrə mütəxəssis,Razılaşma ilə,01 aprel 2025,01 may 2025,https://www.hellojob.az/vakansiya/seymur-bagirov,https://www.hellojob.az/resized/companies/NaPrnN4XiLzagd3vQXW302Yf3coPuynQMP2h2UGq-120--resize.webp
Logistika üzrə mütəxəssis,Art House Emiliana,"Bakı, Xətai Prospekti 59",Tam-ştat,Logistika,700 AZN,01 aprel 2025,01 may 2025,https://www.hellojob.az/vakansiya/logistika-uzre-mutexessis-904973,
1C operator,Alliance Tax and Finance,"Bakı, Ünvan: Nərimanov r-nu, Həsənoğlu Küçəsi 4 (Heydər Əliyev Mərkəzinin yanı)",Tam-ştat,Mühasibat,500 - 900 AZN,01 aprel 2025,01 may 2025,https://www.hellojob.az/vakansiya/1c-operator,
Satıcı,Angel kids,"Bakı, Həzi aslanov mts Viva city ticarət mərkəzi",Tam-ştat,Satış üzrə mütəxəssis,400 AZN,01 aprel 2025,01 may 2025,https://www.hellojob.az/vakansiya/satici-904966,
İnsan resursları üzrə baş mütəxəssis,AMOGROUP,Bakı,Tam-ştat,İnsan resursları,1200 AZN,01 aprel 2025,01 may 2025,https://www.hellojob.az/vakansiya/insan-resurslari-uzre-bas-mutexessis-904968,
Customer Service Representative,Positive Call Center,"Bakı, 203 Nizami St, Baku",Tam-ştat,Operator,Razılaşma ilə,01 aprel 2025,01 may 2025,https://www.hellojob.az/vakansiya/customer-service-representative-904970,https://www.hellojob.az/resized/companies/eFRuRRYIGublalBpxPPz0rO97uLV7HpraODNmLMu-120--resize.webp
İngilis dili müəllimi,İnk academy,"Bakı, Şamil Əzizbəyov 88A",Tam-ştat,Xüsusi təhsil/ Təlim,800 - 1000 AZN,01 aprel 2025,01 may 2025,https://www.hellojob.az/vakansiya/ingilis-dili-muellimi-904967,https://www.hellojob.az/resized/120/-/resize/companies/9749300134fedf8d7ea6f5eef246ed0c/az/uploads/stores/2023/10/27/ink-academy-store-653b623714adf-66832c22a53b557c5185876be2caaffb
Baxça müəlliməsi Rus bölməsi,Bizimdovr Academy,"Bakı, Gənclik.m.Məmməd Araz.k",Tam-ştat,Digər,400 - 600 AZN,31 mart 2025,30 aprel 2025,https://www.hellojob.az/vakansiya/baxca-muellimesi-rus-bolmesi,
Satış təmsilçisi,Emiliana Parati,"Bakı, xətai pr 142",Tam-ştat,Satış üzrə mütəxəssis,500 AZN,31 mart 2025,30 aprel 2025,https://www.hellojob.az/vakansiya/satis-temsilcisi-904964,
Paketçi,Home Food MMC,Bakı,Tam-ştat,Xidmət,550 AZN,31 mart 2025,30 aprel 2025,https://www.hellojob.az/vakansiya/paketci,
Fərdi Müştərilərə Dəstək üzrə Mütəxəssis,Asthetik Lab kosmetoloji klinika,"Bakı, Ровшан Алиев 19",Tam-ştat,Digər,800 - 1500 AZN,31 mart 2025,30 aprel 2025,https://www.hellojob.az/vakansiya/ferdi-musterilere-destek-uzre-mutexessis-904959,https://www.hellojob.az/resized/companies/d33317bc0bed89e58ff0b135c2519a84-120--resize.webp
Hostess (XANIM),101 Restaurant,"Bakı, Elmlər(m.s)",Tam-ştat,Restoran işi,700 AZN,31 mart 2025,30 aprel 2025,https://www.hellojob.az/vakansiya/hostess-xanim,
Satış Meneceri,Okean Avtosalon,"Bakı, Babək pr. 21",Tam-ştat,Satış üzrə mütəxəssis,900 - 1200 AZN,30 mart 2025,29 aprel 2025,https://www.hellojob.az/vakansiya/satis-meneceri-904956,https://www.hellojob.az/resized/companies/d08e073079f3f4a68713595308cc9d56-120--resize.webp
Quraşdırıcı texnik mebel üzrə (Göyçay-Şəki),Kontakt Home,Göyçay,Tam-ştat,Xidmət,Razılaşma ilə,29 mart 2025,28 aprel 2025,https://www.hellojob.az/vakansiya/qurasdirici-texnik-mebel-uzre-goycay-seki-904955,https://www.hellojob.az/resized/companies/9e8f6fe23d7c770e0e4131ec5a9a48eb-120--resize.webp
Quraşdırıcı texnik (mebel üzrə),Kontakt Home,Bakı,Tam-ştat,Xidmət,Razılaşma ilə,29 mart 2025,28 aprel 2025,https://www.hellojob.az/vakansiya/qurasdirici-texnik-mebel-uzre-904954,https://www.hellojob.az/resized/companies/9e8f6fe23d7c770e0e4131ec5a9a48eb-120--resize.webp
Mebel ustası (Naxçıvan),Kontakt Home,Naxçıvan,Tam-ştat,Xidmət,Razılaşma ilə,29 mart 2025,28 aprel 2025,https://www.hellojob.az/vakansiya/mebel-ustasi-naxcivan-904953,https://www.hellojob.az/resized/companies/9e8f6fe23d7c770e0e4131ec5a9a48eb-120--resize.webp
Onlayn Kreditor (Gəncə),Kontakt Home,Gəncə,Tam-ştat,Kredit mütəxəssisi,Razılaşma ilə,29 mart 2025,28 aprel 2025,https://www.hellojob.az/vakansiya/onlayn-kreditor-gence-904952,https://www.hellojob.az/resized/companies/9e8f6fe23d7c770e0e4131ec5a9a48eb-120--resize.webp
Mağaza anbar işçisi (Fəhlə),Kontakt Home,,Tam-ştat,Anbardar,580 AZN,29 mart 2025,28 aprel 2025,https://www.hellojob.az/vakansiya/magaza-anbar-iscisi-fehle-904951,https://www.hellojob.az/resized/companies/9e8f6fe23d7c770e0e4131ec5a9a48eb-120--resize.webp
Biznes-analitik,Kontakt Home,Bakı,Tam-ştat,Texnologiya,Razılaşma ilə,29 mart 2025,28 aprel 2025,https://www.hellojob.az/vakansiya/biznes-analitik-904950,https://www.hellojob.az/resized/companies/9e8f6fe23d7c770e0e4131ec5a9a48eb-120--resize.webp
Satış Meneceri,Fersam Nikor Boya Şirkəti,Bakı,Tam-ştat,Satış üzrə mütəxəssis,1000 - 2500 AZN,29 mart 2025,28 aprel 2025,https://www.hellojob.az/vakansiya/satis-meneceri-904949,https://www.hellojob.az/resized/companies/73af9ec0249041c1a58eecee505a0f87-120--resize.webp
Call Center mütəxəssisi,Global Group MMC,"Bakı, Gənclik",Tam-ştat,Operator,400 AZN,29 mart 2025,28 aprel 2025,https://www.hellojob.az/vakansiya/call-center-mutexessisi-904948,
Satış Meneceri,EF Group,Bakı,Tam-ştat,Satış üzrə mütəxəssis,500 - 700 AZN,29 mart 2025,28 aprel 2025,https://www.hellojob.az/vakansiya/satis-meneceri-904947,
Loyallıq üzrə mütəxəssis,"""AzəriMed"" QSC","Bakı, Satış təmsilçisi (Parfümeriya)",Tam-ştat,Digər,800 - 1000 AZN,28 mart 2025,27 aprel 2025,https://www.hellojob.az/vakansiya/loyalliq-uzre-mutexessis,https://www.hellojob.az/resized/companies/KkVZV0CBn26Yi4brfuBg9ixjm8kOa1jGwQSbLhJF-120--resize.webp
Videoqraf,"""AzəriMed"" QSC","Bakı, Satış təmsilçisi (Parfümeriya)",Tam-ştat,Digər,1000 - 1200 AZN,28 mart 2025,27 aprel 2025,https://www.hellojob.az/vakansiya/videoqraf-904941,https://www.hellojob.az/resized/companies/KkVZV0CBn26Yi4brfuBg9ixjm8kOa1jGwQSbLhJF-120--resize.webp
Təlim üzrə mütəxəssis,"""AzəriMed"" QSC",Bakı,Tam-ştat,İnsan resursları,800 AZN,28 mart 2025,27 aprel 2025,https://www.hellojob.az/vakansiya/telim-uzre-mutexessis,https://www.hellojob.az/resized/companies/KkVZV0CBn26Yi4brfuBg9ixjm8kOa1jGwQSbLhJF-120--resize.webp
Müxbir,INEX MEDİCAL,"Bakı, Çapayev",Tam-ştat,Digər,1000 AZN,28 mart 2025,27 aprel 2025,https://www.hellojob.az/vakansiya/muxbir-904939,
Satış təmsilçisi,Ritello,"Bakı, Azadlıq m/s çıxışı",Tam-ştat,Digər,800 - 1000 AZN,26 mart 2025,26 aprel 2025,https://www.hellojob.az/vakansiya/satis-temsilcisi-904923,
Специалиста по подбору персонала,Restaurants by Emin Agalarov,Bakı,Tam-ştat,İnsan resursları,900 AZN,28 mart 2025,27 aprel 2025,https://www.hellojob.az/vakansiya/ise-qebul-uzre-mutexessis,https://www.hellojob.az/storage/companies/06ccb8ff5519472beb989338237956bc.svg
Tour Promouter,Alov Travel,"Bakı, Boyuk Qala 50",Tam-ştat,Turizm və mehmanxana işi,300 - 1200 AZN,28 mart 2025,27 aprel 2025,https://www.hellojob.az/vakansiya/tour-promouter,https://www.hellojob.az/resized/companies/39426924097fe654fcba0b257dbb755c-120--resize.webp
Dizayner,Paketlandiya,"Bakı, Bakı şəhəri, gənclik m.stansiyasının yaxınlığı.",Tam-ştat,Qrafik dizayn,Razılaşma ilə,28 mart 2025,27 aprel 2025,https://www.hellojob.az/vakansiya/dizayner-904936,
Parfümeriya üzrə Satış Təmsilçisi,"""AzəriMed"" QSC","Bakı, Satış təmsilçisi (Parfümeriya)",Tam-ştat,Satış üzrə mütəxəssis,400 - 600 AZN,28 mart 2025,27 aprel 2025,https://www.hellojob.az/vakansiya/parfumeriya-uzre-satis-temsilcisi-904935,https://www.hellojob.az/resized/companies/KkVZV0CBn26Yi4brfuBg9ixjm8kOa1jGwQSbLhJF-120--resize.webp
Əczaçı,"""AzəriMed"" QSC","Bakı, Satış təmsilçisi (Parfümeriya)",Tam-ştat,Tibb təmsilçisi,400 - 600 AZN,28 mart 2025,27 aprel 2025,https://www.hellojob.az/vakansiya/eczaci-904934,https://www.hellojob.az/resized/companies/KkVZV0CBn26Yi4brfuBg9ixjm8kOa1jGwQSbLhJF-120--resize.webp
Satıcı-kassir,ZooLisa,"Bakı, 28may",Tam-ştat,Satış üzrə mütəxəssis,550 - 700 AZN,27 mart 2025,27 aprel 2025,https://www.hellojob.az/vakansiya/satici-kassir-904933,https://www.hellojob.az/resized/companies/fe3d1c25a3852968a44be61d5e934f0d-120--resize.webp
Dizayner,Azena Dental Consulting,"Bakı, Əmrahlı iş mərkəzi, 116A Nasibbay Yusifbayli, Baku 1065",Tam-ştat,Qrafik dizayn,600 - 700 AZN,27 mart 2025,26 aprel 2025,https://www.hellojob.az/vakansiya/dizayner-904931,https://www.hellojob.az/resized/companies/1ad583a462635273d2c1d3a72701b565-120--resize.webp
Sosial Media Marketinq (SMM) mütəxəssisi,GOLD MMC,"Bakı, Neftçilər m/st yaxınlığı",Tam-ştat,SMM,500 AZN,27 mart 2025,26 aprel 2025,https://www.hellojob.az/vakansiya/sosial-media-marketinq-smm-mutexessisi-904930,
Filial meneceri,Etiler Meat House,"Bakı, Etiler Meat House",Tam-ştat,Restoran işi,Razılaşma ilə,27 mart 2025,26 aprel 2025,https://www.hellojob.az/vakansiya/filial-meneceri-904928,https://www.hellojob.az/resized/companies/1b68e906b2edaa0ca8da04f1b2e5c5e5-120--resize.webp
Aşpaz,Balique,"Bakı, Əhməd Cavad 1",Tam-ştat,Aşpaz,800 - 1000 AZN,27 mart 2025,26 aprel 2025,https://www.hellojob.az/vakansiya/aspaz-904927,https://www.hellojob.az/resized/companies/55myRaAFIKZi8XZRY3ytMIXBrZXfb7q8kB1zqIQs-120--resize.webp
Ofis meneceri,Ak Vent GROUP MMC,"Bakı, Şövkət Məmmədova 2 ,Azadlıq metrosunun yaxınlığı",Tam-ştat,Ofis menecmenti,400 - 700 AZN,27 mart 2025,26 aprel 2025,https://www.hellojob.az/vakansiya/ofis-meneceri-904926,https://www.hellojob.az/resized/companies/e8bc2a30695c017e80e91e39166d385d-120--resize.webp
Video Montajçı / Video Editor,WeDevloop,Bakı,Uzaqdan,Qrafik dizayn,500 - 1000 AZN,27 mart 2025,26 aprel 2025,https://www.hellojob.az/vakansiya/video-montajci-video-editor,https://www.hellojob.az/resized/companies/4e2c5ddcfe9d85ba6f8c4146b4a917d6-120--resize.webp
Məhsul Sahibi (Biznes İnnovasiyaları),PASHA Bank,Bakı,Tam-ştat,Texnologiya,Razılaşma ilə,26 mart 2025,25 aprel 2025,https://www.hellojob.az/vakansiya/mehsul-sahibi-biznes-innovasiyalari,https://www.hellojob.az/resized/companies/b89970e0d614003ddfed5b8f180500b5-120--resize.webp
Консультант по продажам,Zuleykha Accessories,,Tam-ştat,Satış üzrə mütəxəssis,800 - 1000 AZN,26 mart 2025,25 aprel 2025,https://www.hellojob.az/vakansiya/konsultant-po-prodazam,
Satış mütəxəssisi,3D Diaqnostik Mərkəz,"Bakı, Nəsimi",Tam-ştat,Satış üzrə mütəxəssis,500 - 800 AZN,26 mart 2025,25 aprel 2025,https://www.hellojob.az/vakansiya/satis-mutexessisi-904921,
Qrafik Dizayner & Video Montaj Ustası,Robotzadə Azərbaycan,Bakı,Tam-ştat,Dizayn,600 - 1000 AZN,26 mart 2025,25 aprel 2025,https://www.hellojob.az/vakansiya/qrafik-dizayner-video-montaj-ustasi,
Satış məsləhətçisi,Bonamed,"Bakı, Bakıxanov küçəsi 18",Tam-ştat,Satış üzrə mütəxəssis,600 AZN,26 mart 2025,25 aprel 2025,https://www.hellojob.az/vakansiya/satis-meslehetcisi-904913,
Senior qrafik və motion dizayner,Bonamed,"Bakı, Bakıxanov küçəsi 18",Tam-ştat,Qrafik dizayn,1200 AZN,26 mart 2025,25 aprel 2025,https://www.hellojob.az/vakansiya/senior-qrafik-ve-motion-dizayner-904912,
Kreditlərin ilkin təqibi şöbəsinin kiçik mütəxəssisi,ABB,Bakı,Tam-ştat,Bank xidməti,Razılaşma ilə,25 mart 2025,24 aprel 2025,https://www.hellojob.az/vakansiya/kreditlerin-ilkin-teqibi-sobesinin-kicik-mutexessisi-904911,https://www.hellojob.az/storage/companies/f5f3fde6d69bd4ae0e41a621906aced2.svg
Birbaşa satışlar şöbəsinin mütəxəssisi/aparıcı mütəxəssisi,ABB,Bakı,Tam-ştat,Bank xidməti,Razılaşma ilə,25 mart 2025,24 aprel 2025,https://www.hellojob.az/vakansiya/birbasa-satislar-sobesinin-mutexessisiaparici-mutexessisi,https://www.hellojob.az/storage/companies/f5f3fde6d69bd4ae0e41a621906aced2.svg
Mübahisə və etiraz sorğuları şöbəsi üzrə baş mütəxəssis/ekspert,Rabitabank OJSC,Bakı,Tam-ştat,Bank xidməti,Razılaşma ilə,25 mart 2025,24 aprel 2025,https://www.hellojob.az/vakansiya/mubahise-ve-etiraz-sorgulari-sobesi-uzre-bas-mutexessisekspert,https://www.hellojob.az/resized/companies/686be2feda19b2a1b2d12299a967d166-120--resize.webp
Müəllim,EDUGrata Təhsil Mərkəzi,"Bakı, 🏢Filiallarımız: Nəsimi filialı, Yasamal filialı, Xalqlar filialı, Nərimanov filialı, Bakıxanov filialı, Ramana filialı, Binə filialı, Onlayn şöbə",Tam-ştat,Xüsusi təhsil/ Təlim,Razılaşma ilə,25 mart 2025,24 aprel 2025,https://www.hellojob.az/vakansiya/muellim-904908,https://www.hellojob.az/resized/companies/7986870344ee9df117a7f1606eb48760-120--resize.webp
SQL Developer,ARTER MMC,"Bakı, Nərimanov rayonu, Afen plaza",Tam-ştat,Proqramlaşdırma,500 - 1000 AZN,25 mart 2025,24 aprel 2025,https://www.hellojob.az/vakansiya/sql-developer-904906,https://www.hellojob.az/resized/companies/mDIiCwUqtLOnvZc3L9hy2bUKgfZvYwcC5N2yBrYF-120--resize.webp
Satış meneceri,Uplix MMC,Bakı,Tam-ştat,Satış üzrə mütəxəssis,Razılaşma ilə,25 mart 2025,24 aprel 2025,https://www.hellojob.az/vakansiya/satis-meneceri-904905,
"Satıcı, merçendayzerlər və promotr",HARUN N MMC,Bakı,Tam-ştat,Xidmət,Razılaşma ilə,25 mart 2025,24 aprel 2025,https://www.hellojob.az/vakansiya/satici-904904,
Satış məsləhətçisi,ATA PACK,"Bakı, Balaxanı Sənaye Parkı",Tam-ştat,Digər,Razılaşma ilə,25 mart 2025,24 aprel 2025,https://www.hellojob.az/vakansiya/satis-meslehetcisi-904903,
SMM və Reels maker,Saxara - Beauty Salon,Bakı,Tam-ştat,SMM,500 AZN,25 mart 2025,24 aprel 2025,https://www.hellojob.az/vakansiya/smm-ve-reels-maker,https://www.hellojob.az/resized/companies/ce31810ff40767b335ae6652c5b62cc7-120--resize.webp
Təmizlik İşçisi,Saxara - Beauty Salon,Bakı,Tam-ştat,Təmizlikçi,450 AZN,25 mart 2025,24 aprel 2025,https://www.hellojob.az/vakansiya/temizlik-iscisi,https://www.hellojob.az/resized/companies/ce31810ff40767b335ae6652c5b62cc7-120--resize.webp
Menecer,Jumla,"Bakı, Mirvari Dilbazi 16A",Tam-ştat,Digər,Razılaşma ilə,25 mart 2025,24 aprel 2025,https://www.hellojob.az/vakansiya/menecer,
Administrator,Saxara - Beauty Salon,Bakı,Tam-ştat,Xidmət,800 AZN,25 mart 2025,24 aprel 2025,https://www.hellojob.az/vakansiya/administrator-904898,https://www.hellojob.az/resized/companies/ce31810ff40767b335ae6652c5b62cc7-120--resize.webp
Satış Məsləhətçisi (İşarət dili bilən),Kontakt Home,Bakı,Tam-ştat,Satış üzrə mütəxəssis,Razılaşma ilə,25 mart 2025,24 aprel 2025,https://www.hellojob.az/vakansiya/satis-meslehetcisi-isaret-dili-bilen-904895,https://www.hellojob.az/resized/companies/9e8f6fe23d7c770e0e4131ec5a9a48eb-120--resize.webp
Satış məsləhətçisi,Kontakt Home,,Tam-ştat,Satış üzrə mütəxəssis,Razılaşma ilə,25 mart 2025,24 aprel 2025,https://www.hellojob.az/vakansiya/satis-meslehetcisi-904894,https://www.hellojob.az/resized/companies/9e8f6fe23d7c770e0e4131ec5a9a48eb-120--resize.webp
Tibb nümayəndəsi,Asthetik Lab kosmetoloji klinika,"Bakı, Ровшан Алиев 19",Tam-ştat,Digər,600 - 700 AZN,24 mart 2025,23 aprel 2025,https://www.hellojob.az/vakansiya/tibb-numayendesi-904892,https://www.hellojob.az/resized/companies/d33317bc0bed89e58ff0b135c2519a84-120--resize.webp
Telesatış üzrə mütəxəssis,Spring Cake Boutique,"Bakı, Nizami küçəsi 247.",Tam-ştat,Digər,500 AZN,24 mart 2025,23 aprel 2025,https://www.hellojob.az/vakansiya/telesatis-uzre-mutexessis-904890,
Qrafik Dizayner,Edu Max,"Bakı, Caspian Plaza",Tam-ştat,Qrafik dizayn,Razılaşma ilə,24 mart 2025,23 aprel 2025,https://www.hellojob.az/vakansiya/qrafik-dizayner-904889,
"Ünvanda təqib üzrə mütəxəssisÜnvanda təqib şöbəsinin mütəxəssisi (Naxçıvan MR, Şərur rayonu üzrə)",Kapital Bank,Naxçıvan,Tam-ştat,Bank xidməti,Razılaşma ilə,24 mart 2025,23 aprel 2025,https://www.hellojob.az/vakansiya/unvanda-teqib-uzre-mutexessisunvanda-teqib-sobesinin-mutexessisi-naxcivan-mr-serur-rayonu-uzre,https://www.hellojob.az/storage/companies/0b19d066c7eb9fa635850615d2e16921.svg
Müştərilərlə iş üzrə kiçik mütəxəssis / Qobustan rayon filialı,Kapital Bank,Qobustan,Tam-ştat,Bank xidməti,Razılaşma ilə,24 mart 2025,23 aprel 2025,https://www.hellojob.az/vakansiya/musterilerle-is-uzre-kicik-mutexessis-qobustan-rayon-filiali,https://www.hellojob.az/storage/companies/0b19d066c7eb9fa635850615d2e16921.svg
Biznesə dəstək departamentinin Partnyor biznesinə dəstək şöbəsinin POS terminallara texniki dəstək bölməsinin kiçik mütəxəssisi,Kapital Bank,,Tam-ştat,Bank xidməti,Razılaşma ilə,24 mart 2025,23 aprel 2025,https://www.hellojob.az/vakansiya/biznese-destek-departamentinin-partnyor-biznesine-destek-sobesinin-pos-terminallara-texniki-destek-bolmesinin-kicik-mutexessisi-904886,https://www.hellojob.az/storage/companies/0b19d066c7eb9fa635850615d2e16921.svg
IOS Developer (Smart Service squad),Kapital Bank,Bakı,Tam-ştat,Proqramlaşdırma,Razılaşma ilə,24 mart 2025,23 aprel 2025,https://www.hellojob.az/vakansiya/ios-developer-smart-service-squad,https://www.hellojob.az/storage/companies/0b19d066c7eb9fa635850615d2e16921.svg
Məlumat xidməti üzrə kiçik mütəxəssis /Xaçmaz rayon filialı,Kapital Bank,Xaçmaz,Tam-ştat,Bank xidməti,Razılaşma ilə,24 mart 2025,23 aprel 2025,https://www.hellojob.az/vakansiya/melumat-xidmeti-uzre-kicik-mutexessis-xacmaz-rayon-filiali,https://www.hellojob.az/storage/companies/0b19d066c7eb9fa635850615d2e16921.svg
Kiçik əməliyyatçı-kassir /Kəngərli filialı,Kapital Bank,,Tam-ştat,Bank xidməti,Razılaşma ilə,24 mart 2025,23 aprel 2025,https://www.hellojob.az/vakansiya/kicik-emeliyyatci-kassir-kengerli-filiali-904883,https://www.hellojob.az/storage/companies/0b19d066c7eb9fa635850615d2e16921.svg
Korporativ kredit risklərinin təhlili şöbəsi/Aparıcı mütəxəssis,Kapital Bank,Bakı,Tam-ştat,Bank xidməti,Razılaşma ilə,24 mart 2025,23 aprel 2025,https://www.hellojob.az/vakansiya/korporativ-kredit-risklerinin-tehlili-sobesiaparici-mutexessis,https://www.hellojob.az/storage/companies/0b19d066c7eb9fa635850615d2e16921.svg
Mikromaliyyələşdirmə biznesi departamenti - Filialların idarə edilməsi üzrə mütəxəssis / baş mütəxəssis,Unibank ASC,Bakı,Tam-ştat,Maliyyə,Razılaşma ilə,24 mart 2025,23 aprel 2025,https://www.hellojob.az/vakansiya/mikromaliyyelesdirme-biznesi-departamenti-filiallarin-idare-edilmesi-uzre-mutexessis-bas-mutexessis,https://www.hellojob.az/resized/companies/f195bf1fc8d2eb1eb599f63949ddde4c-120--resize.webp
Əməliyyat Risklərinin idarəedilməsi şöbəsinin mütəxəssisi və ya aparıcı mütəxəssisi,AccessBank,Bakı,Tam-ştat,Bank xidməti,Razılaşma ilə,24 mart 2025,23 aprel 2025,https://www.hellojob.az/vakansiya/emeliyyat-risklerinin-idareedilmesi-sobesinin-mutexessisi-ve-ya-aparici-mutexessisi,https://www.hellojob.az/resized/companies/d0ea0967d3b1290f44e82c2de8580b3d-120--resize.webp
Aparıcı Kassir /Olivia( Kosmetika və baxım),Kontakt Home,Bakı,Tam-ştat,Xidmət,Razılaşma ilə,24 mart 2025,23 aprel 2025,https://www.hellojob.az/vakansiya/aparici-kassir-olivia-kosmetika-ve-baxim-904879,https://www.hellojob.az/resized/companies/9e8f6fe23d7c770e0e4131ec5a9a48eb-120--resize.webp
Korporativ satış təmsilçisi,Bank Respublika ASC,Bakı,Tam-ştat,Satış,Razılaşma ilə,24 mart 2025,23 aprel 2025,https://www.hellojob.az/vakansiya/korporativ-satis-temsilcisi-904878,https://www.hellojob.az/resized/companies/8108c9322c7ab169ae3e236071b22606-120--resize.webp
Ödəniş Kartları İdarəsinin Ödəniş sistemləri ilə iş şöbəsinin mütəxəssisi (Layihələr üzrə),Xalq Bank,,Tam-ştat,Bank xidməti,Razılaşma ilə,24 mart 2025,23 aprel 2025,https://www.hellojob.az/vakansiya/odenis-kartlari-idaresinin-odenis-sistemleri-ile-is-sobesinin-mutexessisi-layiheler-uzre,https://www.hellojob.az/storage/companies/9c7ce58bc58783c118bdd977a5bc44c4.svg
Pərakəndə bankçılıq üzrə kiçik mütəxəssis/mütəxəssis/aparıcı mütəxəssis/baş mütəxəssis,Bank Respublika ASC,,Tam-ştat,Bank xidməti,Razılaşma ilə,24 mart 2025,23 aprel 2025,https://www.hellojob.az/vakansiya/perakende-bankciliq-uzre-kicik-mutexessismutexessisaparici-mutexessisbas-mutexessis,https://www.hellojob.az/resized/companies/8108c9322c7ab169ae3e236071b22606-120--resize.webp
Maliyyə İdarəedilməsi Departamenti/Büdcələmə və Planlaşdırma şöbəsi/Baş mütəxəssis,PASHA Bank,Bakı,Tam-ştat,Maliyyə,Razılaşma ilə,24 mart 2025,23 aprel 2025,https://www.hellojob.az/vakansiya/maliyye-idareedilmesi-departamentibudceleme-ve-planlasdirma-sobesibas-mutexessis,https://www.hellojob.az/resized/companies/b89970e0d614003ddfed5b8f180500b5-120--resize.webp
Nəsimi filialına mikro və aqro kreditlər üzrə kiçik mütəxəssis/ mütəxəssis,Bank Respublika ASC,Bakı,Tam-ştat,Bank xidməti,Razılaşma ilə,24 mart 2025,23 aprel 2025,https://www.hellojob.az/vakansiya/nesimi-filialina-mikro-ve-aqro-kreditler-uzre-kicik-mutexessis-mutexessis,https://www.hellojob.az/resized/companies/8108c9322c7ab169ae3e236071b22606-120--resize.webp
Maliyyə idarə edilməsi Departamenti/İFRS üzrə Baş mütəxəssis,PASHA Bank,Bakı,Tam-ştat,Maliyyə,Razılaşma ilə,24 mart 2025,23 aprel 2025,https://www.hellojob.az/vakansiya/maliyye-idare-edilmesi-departamentiifrs-uzre-bas-mutexessis,https://www.hellojob.az/resized/companies/b89970e0d614003ddfed5b8f180500b5-120--resize.webp
Gəncə filialı - Pərakəndə xidmətlər və istehlak kreditləri üzrə kiçik mütəxəssis,Unibank ASC,Bakı,Tam-ştat,Bank xidməti,Razılaşma ilə,24 mart 2025,23 aprel 2025,https://www.hellojob.az/vakansiya/gence-filiali-perakende-xidmetler-ve-istehlak-kreditleri-uzre-kicik-mutexessis,https://www.hellojob.az/resized/companies/f195bf1fc8d2eb1eb599f63949ddde4c-120--resize.webp
Data İdarəetməsi Şöbəsinin Müdiri,PASHA Bank,Bakı,Tam-ştat,Proqramlaşdırma,Razılaşma ilə,24 mart 2025,23 aprel 2025,https://www.hellojob.az/vakansiya/data-idareetmesi-sobesinin-mudiri,https://www.hellojob.az/resized/companies/b89970e0d614003ddfed5b8f180500b5-120--resize.webp
Kontent üzrə mütəxəssis,Kontakt Home,Bakı,Tam-ştat,Kopiraytinq,Razılaşma ilə,24 mart 2025,23 aprel 2025,https://www.hellojob.az/vakansiya/kontent-uzre-mutexessis-904870,https://www.hellojob.az/resized/companies/9e8f6fe23d7c770e0e4131ec5a9a48eb-120--resize.webp
Mağaza assistenti,Kontakt Home,Bakı,Tam-ştat,Digər,Razılaşma ilə,24 mart 2025,23 aprel 2025,https://www.hellojob.az/vakansiya/magaza-assistenti-904869,https://www.hellojob.az/resized/companies/9e8f6fe23d7c770e0e4131ec5a9a48eb-120--resize.webp
Эвент менеджер,Restaurants by Emin Agalarov,Bakı,Tam-ştat,Menecer,1000 AZN,24 mart 2025,23 aprel 2025,https://www.hellojob.az/vakansiya/event-menedzer,https://www.hellojob.az/storage/companies/06ccb8ff5519472beb989338237956bc.svg
Kosmetoloq köməkçisi,Ayru Estetik Mərkəzi,Bakı,Tam-ştat,SPA və gözəllik,500 - 1000 AZN,23 mart 2025,22 aprel 2025,https://www.hellojob.az/vakansiya/kosmetoloq-komekcisi-904865,
Qrafik Dizayn müəllimi,Diamond Academy,"Bakı, Fuad İbrahimbəyov 21",Yarım-ştat,Qrafik dizayn,Razılaşma ilə,22 mart 2025,22 aprel 2025,https://www.hellojob.az/vakansiya/qrafik-dizayn-muellimi-904864,https://www.hellojob.az/resized/companies/u7ddWJIxwIuLhPtUaUXQ6pTYlAVQ5Pt0jPHJkwzR-120--resize.webp
Sosial Media Marketinq (SMM) mütəxəssisi,Master Roofing,"Bakı, AĞ ŞƏHƏR",Tam-ştat,SMM,500 AZN,22 mart 2025,21 aprel 2025,https://www.hellojob.az/vakansiya/sosial-media-marketinq-smm-mutexessisi-904861,https://www.hellojob.az/resized/companies/7cf07837042dead89c83db103e9cf7b0-120--resize.webp
Satış və marketinq mütəxəssisi,Ram Solutions,"Bakı, Nərmanov Əhməd Rəcəbli Çinar park biznes mərkəzi",Tam-ştat,Satış üzrə mütəxəssis,1100 AZN,22 mart 2025,21 aprel 2025,https://www.hellojob.az/vakansiya/satis-ve-marketinq-mutexessisi-904858,
Xadimə,Master Roofing,"Bakı, AĞ ŞƏHƏR",Tam-ştat,Xadimə,500 AZN,22 mart 2025,21 aprel 2025,https://www.hellojob.az/vakansiya/xadime,https://www.hellojob.az/resized/companies/7cf07837042dead89c83db103e9cf7b0-120--resize.webp
Satış Meneceri,Master Roofing,"Bakı, AĞ ŞƏHƏR",Tam-ştat,Satış üzrə mütəxəssis,500 AZN,22 mart 2025,21 aprel 2025,https://www.hellojob.az/vakansiya/satis-meneceri-904863,https://www.hellojob.az/resized/companies/7cf07837042dead89c83db103e9cf7b0-120--resize.webp
Главный бухгалтер,Restaurants by Emin Agalarov,Bakı,Tam-ştat,Mühasibat,3000 AZN,21 mart 2025,20 aprel 2025,https://www.hellojob.az/vakansiya/glavnyi-buxgalter,https://www.hellojob.az/storage/companies/06ccb8ff5519472beb989338237956bc.svg
Xaricdə təhsil üzrə mütəxəssis,Evolead MMC,"Bakı, Bakı şəhəri, Nərimanov ray",Tam-ştat,Satış üzrə mütəxəssis,Razılaşma ilə,21 mart 2025,20 aprel 2025,https://www.hellojob.az/vakansiya/xaricde-tehsil-uzre-mutexessis,
Aşpaz,PON-PUSHKA,Bakı,Tam-ştat,Aşpaz,500 AZN,21 mart 2025,20 aprel 2025,https://www.hellojob.az/vakansiya/aspaz-904852,
IT Project Manager,Rəqəmsal Səhiyyə Mərkəzi,Bakı,Tam-ştat,Digər,800 - 1500 AZN,21 mart 2025,20 aprel 2025,https://www.hellojob.az/vakansiya/it-project-manager,
Full-stack Developer,Rəqəmsal Səhiyyə Mərkəzi,Bakı,Tam-ştat,İT mütəxəssisi / məsləhətçi,1000 - 1500 AZN,21 mart 2025,20 aprel 2025,https://www.hellojob.az/vakansiya/full-stack-developer,
Satış Meneceri,Saat Store,"Bakı, Saat Store",Tam-ştat,Digər,500 - 1200 AZN,21 mart 2025,20 aprel 2025,https://www.hellojob.az/vakansiya/satis-meneceri-904855,https://www.hellojob.az/resized/companies/b57a7989e568e94c80bea09bd345cf90-120--resize.webp
